Date,Start (ET),Visitor/Neutral,PTS,Home/Neutral,PTS.1, , .1,Attend.,Notes
"Tue, Oct 17, 2017",8:01 pm,Boston Celtics,99,Cleveland Cavaliers,102,Box Score,,20562.0,
"Tue, Oct 17, 2017",10:30 pm,Houston Rockets,122,Golden State Warriors,121,Box Score,,19596.0,
"Wed, Oct 18, 2017",7:30 pm,Milwaukee Bucks,108,Boston Celtics,100,Box Score,,18624.0,
"Wed, Oct 18, 2017",8:30 pm,Atlanta Hawks,117,Dallas Mavericks,111,Box Score,,19709.0,
"Wed, Oct 18, 2017",7:00 pm,Charlotte Hornets,90,Detroit Pistons,102,Box Score,,20491.0,
"Wed, Oct 18, 2017",7:00 pm,Brooklyn Nets,131,Indiana Pacers,140,Box Score,,15008.0,
"Wed, Oct 18, 2017",8:00 pm,New Orleans Pelicans,91,Memphis Grizzlies,103,Box Score,,17794.0,
"Wed, Oct 18, 2017",7:00 pm,Miami Heat,109,Orlando Magic,116,Box Score,,18846.0,
"Wed, Oct 18, 2017",10:00 pm,Portland Trail Blazers,124,Phoenix Suns,76,Box Score,,18055.0,
"Wed, Oct 18, 2017",10:00 pm,Houston Rockets,105,Sacramento Kings,100,Box Score,,17583.0,
"Wed, Oct 18, 2017",9:30 pm,Minnesota Timberwolves,99,San Antonio Spurs,107,Box Score,,18418.0,
"Wed, Oct 18, 2017",9:00 pm,Denver Nuggets,96,Utah Jazz,106,Box Score,,17588.0,
"Wed, Oct 18, 2017",7:00 pm,Philadelphia 76ers,115,Washington Wizards,120,Box Score,,20356.0,
"Thu, Oct 19, 2017",10:30 pm,Los Angeles Clippers,108,Los Angeles Lakers,92,Box Score,,18997.0,
"Thu, Oct 19, 2017",8:00 pm,New York Knicks,84,Oklahoma City Thunder,105,Box Score,,18203.0,
"Thu, Oct 19, 2017",7:30 pm,Chicago Bulls,100,Toronto Raptors,117,Box Score,,19800.0,
"Fri, Oct 20, 2017",7:30 pm,Orlando Magic,121,Brooklyn Nets,126,Box Score,,16144.0,
"Fri, Oct 20, 2017",7:00 pm,Atlanta Hawks,91,Charlotte Hornets,109,Box Score,,18417.0,
"Fri, Oct 20, 2017",8:30 pm,Sacramento Kings,93,Dallas Mavericks,88,Box Score,,19273.0,
"Fri, Oct 20, 2017",7:00 pm,Portland Trail Blazers,114,Indiana Pacers,96,Box Score,,15325.0,
"Fri, Oct 20, 2017",7:00 pm,Cleveland Cavaliers,116,Milwaukee Bucks,97,Box Score,,18717.0,
"Fri, Oct 20, 2017",8:00 pm,Utah Jazz,97,Minnesota Timberwolves,100,Box Score,,18978.0,
"Fri, Oct 20, 2017",9:30 pm,Golden State Warriors,128,New Orleans Pelicans,120,Box Score,,18171.0,
"Fri, Oct 20, 2017",7:00 pm,Boston Celtics,102,Philadelphia 76ers,92,Box Score,,20816.0,
"Fri, Oct 20, 2017",10:00 pm,Los Angeles Lakers,132,Phoenix Suns,130,Box Score,,18055.0,
"Fri, Oct 20, 2017",7:00 pm,Detroit Pistons,111,Washington Wizards,115,Box Score,,16337.0,
"Sat, Oct 21, 2017",8:00 pm,San Antonio Spurs,87,Chicago Bulls,77,Box Score,,21640.0,
"Sat, Oct 21, 2017",8:00 pm,Orlando Magic,114,Cleveland Cavaliers,93,Box Score,,20562.0,
"Sat, Oct 21, 2017",9:00 pm,Sacramento Kings,79,Denver Nuggets,96,Box Score,,19520.0,
"Sat, Oct 21, 2017",8:00 pm,Dallas Mavericks,91,Houston Rockets,107,Box Score,,18055.0,
"Sat, Oct 21, 2017",10:30 pm,Phoenix Suns,88,Los Angeles Clippers,130,Box Score,,19068.0,
"Sat, Oct 21, 2017",8:00 pm,Golden State Warriors,101,Memphis Grizzlies,111,Box Score,,17794.0,
"Sat, Oct 21, 2017",8:00 pm,Indiana Pacers,108,Miami Heat,112,Box Score,,19600.0,
"Sat, Oct 21, 2017",8:30 pm,Portland Trail Blazers,110,Milwaukee Bucks,113,Box Score,,16211.0,
"Sat, Oct 21, 2017",8:00 pm,Detroit Pistons,111,New York Knicks,107,Box Score,,19812.0,
"Sat, Oct 21, 2017",7:30 pm,Philadelphia 76ers,94,Toronto Raptors,128,Box Score,,19800.0,
"Sat, Oct 21, 2017",9:00 pm,Oklahoma City Thunder,87,Utah Jazz,96,Box Score,,18300.0,
"Sun, Oct 22, 2017",3:30 pm,Atlanta Hawks,104,Brooklyn Nets,116,Box Score,,13917.0,
"Sun, Oct 22, 2017",9:30 pm,New Orleans Pelicans,119,Los Angeles Lakers,112,Box Score,,18997.0,
"Sun, Oct 22, 2017",7:00 pm,Minnesota Timberwolves,115,Oklahoma City Thunder,113,Box Score,,18203.0,
"Mon, Oct 23, 2017",8:30 pm,Golden State Warriors,133,Dallas Mavericks,103,Box Score,,19875.0,
"Mon, Oct 23, 2017",9:00 pm,Washington Wizards,109,Denver Nuggets,104,Box Score,,14294.0,
"Mon, Oct 23, 2017",7:00 pm,Philadelphia 76ers,97,Detroit Pistons,86,Box Score,,13709.0,
"Mon, Oct 23, 2017",8:00 pm,Memphis Grizzlies,98,Houston Rockets,90,Box Score,,17129.0,
"Mon, Oct 23, 2017",7:30 pm,Atlanta Hawks,93,Miami Heat,104,Box Score,,19600.0,
"Mon, Oct 23, 2017",8:00 pm,Charlotte Hornets,94,Milwaukee Bucks,103,Box Score,,12887.0,
"Mon, Oct 23, 2017",10:00 pm,Sacramento Kings,115,Phoenix Suns,117,Box Score,,14903.0,
"Mon, Oct 23, 2017",8:30 pm,Toronto Raptors,97,San Antonio Spurs,101,Box Score,,18418.0,
"Tue, Oct 24, 2017",7:30 pm,New York Knicks,89,Boston Celtics,110,Box Score,,18624.0,
"Tue, Oct 24, 2017",7:00 pm,Chicago Bulls,112,Cleveland Cavaliers,119,Box Score,,20562.0,
"Tue, Oct 24, 2017",10:30 pm,Utah Jazz,84,Los Angeles Clippers,102,Box Score,,16607.0,
"Tue, Oct 24, 2017",8:00 pm,Indiana Pacers,130,Minnesota Timberwolves,107,Box Score,,14353.0,
"Tue, Oct 24, 2017",7:00 pm,Brooklyn Nets,121,Orlando Magic,125,Box Score,,16015.0,
"Tue, Oct 24, 2017",10:00 pm,New Orleans Pelicans,93,Portland Trail Blazers,103,Box Score,,19446.0,
"Wed, Oct 25, 2017",7:30 pm,Cleveland Cavaliers,107,Brooklyn Nets,112,Box Score,,17732.0,
"Wed, Oct 25, 2017",7:00 pm,Denver Nuggets,93,Charlotte Hornets,110,Box Score,,14253.0,
"Wed, Oct 25, 2017",8:30 pm,Memphis Grizzlies,94,Dallas Mavericks,103,Box Score,,19674.0,
"Wed, Oct 25, 2017",7:00 pm,Minnesota Timberwolves,101,Detroit Pistons,122,Box Score,,13790.0,
"Wed, Oct 25, 2017",10:30 pm,Toronto Raptors,112,Golden State Warriors,117,Box Score,,19596.0,
"Wed, Oct 25, 2017",10:30 pm,Washington Wizards,99,Los Angeles Lakers,102,Box Score,OT,18996.0,
"Wed, Oct 25, 2017",8:00 pm,San Antonio Spurs,117,Miami Heat,100,Box Score,,19600.0,
"Wed, Oct 25, 2017",8:00 pm,Indiana Pacers,96,Oklahoma City Thunder,114,Box Score,,18203.0,
"Wed, Oct 25, 2017",7:00 pm,Houston Rockets,105,Philadelphia 76ers,104,Box Score,,20682.0,
"Wed, Oct 25, 2017",10:00 pm,Utah Jazz,88,Phoenix Suns,97,Box Score,,16022.0,
"Thu, Oct 26, 2017",8:00 pm,Atlanta Hawks,86,Chicago Bulls,91,Box Score,,21104.0,
"Thu, Oct 26, 2017",8:00 pm,Dallas Mavericks,91,Memphis Grizzlies,96,Box Score,,15839.0,
"Thu, Oct 26, 2017",8:00 pm,Boston Celtics,96,Milwaukee Bucks,89,Box Score,,11046.0,
"Thu, Oct 26, 2017",10:00 pm,Los Angeles Clippers,104,Portland Trail Blazers,103,Box Score,,18694.0,
"Thu, Oct 26, 2017",10:30 pm,New Orleans Pelicans,114,Sacramento Kings,106,Box Score,,17583.0,
"Fri, Oct 27, 2017",7:30 pm,Denver Nuggets,105,Atlanta Hawks,100,Box Score,,16220.0,
"Fri, Oct 27, 2017",7:00 pm,Houston Rockets,109,Charlotte Hornets,93,Box Score,,17339.0,
"Fri, Oct 27, 2017",10:30 pm,Washington Wizards,117,Golden State Warriors,120,Box Score,,19596.0,
"Fri, Oct 27, 2017",10:30 pm,Toronto Raptors,101,Los Angeles Lakers,92,Box Score,,17876.0,
"Fri, Oct 27, 2017",8:00 pm,Oklahoma City Thunder,116,Minnesota Timberwolves,119,Box Score,,17620.0,
"Fri, Oct 27, 2017",7:30 pm,Brooklyn Nets,86,New York Knicks,107,Box Score,,19812.0,
"Fri, Oct 27, 2017",7:00 pm,San Antonio Spurs,87,Orlando Magic,114,Box Score,,17337.0,
"Sat, Oct 28, 2017",8:00 pm,Oklahoma City Thunder,101,Chicago Bulls,69,Box Score,,21706.0,
"Sat, Oct 28, 2017",8:30 pm,Philadelphia 76ers,112,Dallas Mavericks,110,Box Score,,19567.0,
"Sat, Oct 28, 2017",10:30 pm,Detroit Pistons,95,Los Angeles Clippers,87,Box Score,,17247.0,
"Sat, Oct 28, 2017",8:00 pm,Houston Rockets,89,Memphis Grizzlies,103,Box Score,,17033.0,
"Sat, Oct 28, 2017",8:00 pm,Boston Celtics,96,Miami Heat,90,Box Score,,19600.0,
"Sat, Oct 28, 2017",7:00 pm,Cleveland Cavaliers,101,New Orleans Pelicans,123,Box Score,,18539.0,
"Sat, Oct 28, 2017",10:00 pm,Phoenix Suns,107,Portland Trail Blazers,114,Box Score,,19343.0,
"Sat, Oct 28, 2017",9:00 pm,Los Angeles Lakers,81,Utah Jazz,96,Box Score,,18306.0,
"Sun, Oct 29, 2017",3:30 pm,Milwaukee Bucks,117,Atlanta Hawks,106,Box Score,,14014.0,
"Sun, Oct 29, 2017",6:00 pm,Denver Nuggets,124,Brooklyn Nets,111,Box Score,,14854.0,
"Sun, Oct 29, 2017",6:00 pm,Orlando Magic,113,Charlotte Hornets,120,Box Score,,15531.0,
"Sun, Oct 29, 2017",7:00 pm,New York Knicks,114,Cleveland Cavaliers,95,Box Score,,20562.0,
"Sun, Oct 29, 2017",8:30 pm,Detroit Pistons,115,Golden State Warriors,107,Box Score,,19596.0,
"Sun, Oct 29, 2017",4:30 pm,San Antonio Spurs,94,Indiana Pacers,97,Box Score,,15013.0,
"Sun, Oct 29, 2017",6:00 pm,Washington Wizards,110,Sacramento Kings,83,Box Score,,17583.0,
"Mon, Oct 30, 2017",7:30 pm,San Antonio Spurs,94,Boston Celtics,108,Box Score,,18624.0,
"Mon, Oct 30, 2017",8:00 pm,Philadelphia 76ers,115,Houston Rockets,107,Box Score,,16714.0,
"Mon, Oct 30, 2017",10:30 pm,Golden State Warriors,141,Los Angeles Clippers,113,Box Score,,19068.0,
"Mon, Oct 30, 2017",8:00 pm,Charlotte Hornets,104,Memphis Grizzlies,99,Box Score,,15771.0,
"Mon, Oct 30, 2017",7:30 pm,Minnesota Timberwolves,125,Miami Heat,122,Box Score,OT,19600.0,
"Mon, Oct 30, 2017",8:00 pm,Orlando Magic,115,New Orleans Pelicans,99,Box Score,,14004.0,
"Mon, Oct 30, 2017",7:30 pm,Denver Nuggets,110,New York Knicks,116,Box Score,,19812.0,
"Mon, Oct 30, 2017",10:00 pm,Toronto Raptors,99,Portland Trail Blazers,85,Box Score,,18505.0,
"Mon, Oct 30, 2017",9:00 pm,Dallas Mavericks,89,Utah Jazz,104,Box Score,,16221.0,
"Tue, Oct 31, 2017",7:30 pm,Phoenix Suns,122,Brooklyn Nets,114,Box Score,,12936.0,
"Tue, Oct 31, 2017",7:00 pm,Sacramento Kings,83,Indiana Pacers,101,Box Score,,12245.0,
"Tue, Oct 31, 2017",10:30 pm,Detroit Pistons,93,Los Angeles Lakers,113,Box Score,,17569.0,
"Tue, Oct 31, 2017",8:00 pm,Oklahoma City Thunder,110,Milwaukee Bucks,91,Box Score,,16713.0,
"Wed, Nov 1, 2017",7:30 pm,Sacramento Kings,86,Boston Celtics,113,Box Score,,18624.0,
"Wed, Nov 1, 2017",7:00 pm,Milwaukee Bucks,121,Charlotte Hornets,126,Box Score,,15655.0,
"Wed, Nov 1, 2017",7:00 pm,Indiana Pacers,124,Cleveland Cavaliers,107,Box Score,,20562.0,
"Wed, Nov 1, 2017",9:00 pm,Toronto Raptors,111,Denver Nuggets,129,Box Score,,14072.0,
"Wed, Nov 1, 2017",10:30 pm,Dallas Mavericks,98,Los Angeles Clippers,119,Box Score,,13487.0,
"Wed, Nov 1, 2017",8:00 pm,Orlando Magic,101,Memphis Grizzlies,99,Box Score,,15434.0,
"Wed, Nov 1, 2017",7:30 pm,Chicago Bulls,91,Miami Heat,97,Box Score,,19600.0,
"Wed, Nov 1, 2017",8:00 pm,Minnesota Timberwolves,104,New Orleans Pelicans,98,Box Score,,14788.0,
"Wed, Nov 1, 2017",8:00 pm,Houston Rockets,119,New York Knicks,97,Box Score,,18320.0,
"Wed, Nov 1, 2017",7:00 pm,Atlanta Hawks,109,Philadelphia 76ers,119,Box Score,,20549.0,
"Wed, Nov 1, 2017",9:00 pm,Portland Trail Blazers,103,Utah Jazz,112,Box Score,OT,16685.0,
"Wed, Nov 1, 2017",7:00 pm,Phoenix Suns,122,Washington Wizards,116,Box Score,,14790.0,
"Thu, Nov 2, 2017",10:30 pm,Los Angeles Lakers,110,Portland Trail Blazers,113,Box Score,,19469.0,
"Thu, Nov 2, 2017",8:00 pm,Golden State Warriors,112,San Antonio Spurs,92,Box Score,,18418.0,
"Fri, Nov 3, 2017",7:30 pm,Houston Rockets,119,Atlanta Hawks,104,Box Score,,14087.0,
"Fri, Nov 3, 2017",8:30 pm,New Orleans Pelicans,99,Dallas Mavericks,94,Box Score,,19894.0,
"Fri, Nov 3, 2017",9:00 pm,Miami Heat,94,Denver Nuggets,95,Box Score,,15317.0,
"Fri, Nov 3, 2017",7:00 pm,Milwaukee Bucks,96,Detroit Pistons,105,Box Score,,17207.0,
"Fri, Nov 3, 2017",10:30 pm,Brooklyn Nets,112,Los Angeles Lakers,124,Box Score,,18997.0,
"Fri, Nov 3, 2017",7:30 pm,Phoenix Suns,107,New York Knicks,120,Box Score,,19404.0,
"Fri, Nov 3, 2017",9:30 pm,Boston Celtics,101,Oklahoma City Thunder,94,Box Score,,18203.0,
"Fri, Nov 3, 2017",7:00 pm,Chicago Bulls,105,Orlando Magic,83,Box Score,,19171.0,
"Fri, Nov 3, 2017",7:00 pm,Indiana Pacers,110,Philadelphia 76ers,121,Box Score,,20668.0,
"Fri, Nov 3, 2017",8:30 pm,Charlotte Hornets,101,San Antonio Spurs,108,Box Score,,18418.0,
"Fri, Nov 3, 2017",9:00 pm,Toronto Raptors,109,Utah Jazz,100,Box Score,,16258.0,
"Fri, Nov 3, 2017",7:00 pm,Cleveland Cavaliers,130,Washington Wizards,122,Box Score,,20356.0,
"Sat, Nov 4, 2017",8:00 pm,New Orleans Pelicans,96,Chicago Bulls,90,Box Score,OT,21254.0,
"Sat, Nov 4, 2017",9:00 pm,Golden State Warriors,127,Denver Nuggets,108,Box Score,,19711.0,
"Sat, Nov 4, 2017",7:00 pm,Sacramento Kings,99,Detroit Pistons,108,Box Score,,17683.0,
"Sat, Nov 4, 2017",3:30 pm,Memphis Grizzlies,113,Los Angeles Clippers,104,Box Score,,14777.0,
"Sat, Nov 4, 2017",8:00 pm,Dallas Mavericks,99,Minnesota Timberwolves,112,Box Score,,16837.0,
"Sun, Nov 5, 2017",3:00 pm,Atlanta Hawks,117,Cleveland Cavaliers,115,Box Score,,20562.0,
"Sun, Nov 5, 2017",7:00 pm,Utah Jazz,110,Houston Rockets,137,Box Score,,16914.0,
"Sun, Nov 5, 2017",3:30 pm,Miami Heat,104,Los Angeles Clippers,101,Box Score,,15676.0,
"Sun, Nov 5, 2017",9:30 pm,Memphis Grizzlies,102,Los Angeles Lakers,107,Box Score,,18997.0,
"Sun, Nov 5, 2017",8:00 pm,Charlotte Hornets,94,Minnesota Timberwolves,112,Box Score,,14124.0,
"Sun, Nov 5, 2017",7:30 pm,Indiana Pacers,101,New York Knicks,108,Box Score,,17889.0,
"Sun, Nov 5, 2017",6:00 pm,Boston Celtics,104,Orlando Magic,88,Box Score,,17731.0,
"Sun, Nov 5, 2017",9:00 pm,Oklahoma City Thunder,99,Portland Trail Blazers,103,Box Score,,19393.0,
"Sun, Nov 5, 2017",7:00 pm,Phoenix Suns,95,San Antonio Spurs,112,Box Score,,18038.0,
"Sun, Nov 5, 2017",6:00 pm,Washington Wizards,107,Toronto Raptors,96,Box Score,,19800.0,
"Mon, Nov 6, 2017",7:30 pm,Boston Celtics,110,Atlanta Hawks,107,Box Score,,13215.0,
"Mon, Nov 6, 2017",10:30 pm,Miami Heat,80,Golden State Warriors,97,Box Score,,19596.0,
"Mon, Nov 6, 2017",9:00 pm,Brooklyn Nets,98,Phoenix Suns,92,Box Score,,15905.0,
"Tue, Nov 7, 2017",7:00 pm,Milwaukee Bucks,119,Cleveland Cavaliers,124,Box Score,,20562.0,
"Tue, Nov 7, 2017",9:00 pm,Brooklyn Nets,104,Denver Nuggets,112,Box Score,,14058.0,
"Tue, Nov 7, 2017",7:00 pm,New Orleans Pelicans,117,Indiana Pacers,112,Box Score,,15014.0,
"Tue, Nov 7, 2017",7:30 pm,Charlotte Hornets,113,New York Knicks,118,Box Score,,18704.0,
"Tue, Nov 7, 2017",10:00 pm,Memphis Grizzlies,98,Portland Trail Blazers,97,Box Score,,18692.0,
"Tue, Nov 7, 2017",10:00 pm,Oklahoma City Thunder,86,Sacramento Kings,94,Box Score,,17583.0,
"Tue, Nov 7, 2017",8:30 pm,Los Angeles Clippers,107,San Antonio Spurs,120,Box Score,,18418.0,
"Tue, Nov 7, 2017",7:30 pm,Chicago Bulls,114,Toronto Raptors,119,Box Score,,19800.0,
"Tue, Nov 7, 2017",9:00 pm,Philadelphia 76ers,104,Utah Jazz,97,Box Score,,16063.0,
"Tue, Nov 7, 2017",7:00 pm,Dallas Mavericks,113,Washington Wizards,99,Box Score,,14505.0,
"Wed, Nov 8, 2017",8:00 pm,Los Angeles Lakers,96,Boston Celtics,107,Box Score,,18624.0,
"Wed, Nov 8, 2017",7:00 pm,Indiana Pacers,97,Detroit Pistons,114,Box Score,,14407.0,
"Wed, Nov 8, 2017",10:30 pm,Minnesota Timberwolves,101,Golden State Warriors,125,Box Score,,19596.0,
"Wed, Nov 8, 2017",7:00 pm,New York Knicks,99,Orlando Magic,112,Box Score,,18803.0,
"Wed, Nov 8, 2017",9:00 pm,Miami Heat,126,Phoenix Suns,115,Box Score,,16500.0,
"Thu, Nov 9, 2017",10:30 pm,Oklahoma City Thunder,94,Denver Nuggets,102,Box Score,,19520.0,
"Thu, Nov 9, 2017",8:00 pm,Cleveland Cavaliers,113,Houston Rockets,117,Box Score,,18055.0,
"Thu, Nov 9, 2017",10:00 pm,Philadelphia 76ers,108,Sacramento Kings,109,Box Score,,17583.0,
"Thu, Nov 9, 2017",7:30 pm,New Orleans Pelicans,118,Toronto Raptors,122,Box Score,,19800.0,
"Thu, Nov 9, 2017",7:00 pm,Los Angeles Lakers,95,Washington Wizards,111,Box Score,,20356.0,
"Fri, Nov 10, 2017",7:30 pm,Charlotte Hornets,87,Boston Celtics,90,Box Score,,18624.0,
"Fri, Nov 10, 2017",8:00 pm,Indiana Pacers,105,Chicago Bulls,87,Box Score,,22416.0,
"Fri, Nov 10, 2017",7:00 pm,Atlanta Hawks,104,Detroit Pistons,111,Box Score,,16687.0,
"Fri, Nov 10, 2017",9:00 pm,Los Angeles Clippers,111,Oklahoma City Thunder,120,Box Score,,18203.0,
"Fri, Nov 10, 2017",9:00 pm,Orlando Magic,128,Phoenix Suns,112,Box Score,,16507.0,
"Fri, Nov 10, 2017",10:00 pm,Brooklyn Nets,101,Portland Trail Blazers,97,Box Score,,19393.0,
"Fri, Nov 10, 2017",9:00 pm,Milwaukee Bucks,94,San Antonio Spurs,87,Box Score,,18418.0,
"Fri, Nov 10, 2017",9:00 pm,Miami Heat,84,Utah Jazz,74,Box Score,,18306.0,
"Sat, Nov 11, 2017",8:30 pm,Cleveland Cavaliers,111,Dallas Mavericks,104,Box Score,,20378.0,
"Sat, Nov 11, 2017",9:00 pm,Orlando Magic,107,Denver Nuggets,125,Box Score,,16688.0,
"Sat, Nov 11, 2017",8:30 pm,Philadelphia 76ers,114,Golden State Warriors,135,Box Score,,19596.0,
"Sat, Nov 11, 2017",8:00 pm,Memphis Grizzlies,96,Houston Rockets,111,Box Score,,18055.0,
"Sat, Nov 11, 2017",8:30 pm,Los Angeles Lakers,90,Milwaukee Bucks,98,Box Score,,18717.0,
"Sat, Nov 11, 2017",7:00 pm,Los Angeles Clippers,103,New Orleans Pelicans,111,Box Score,,17624.0,
"Sat, Nov 11, 2017",8:00 pm,Sacramento Kings,91,New York Knicks,118,Box Score,,19812.0,
"Sat, Nov 11, 2017",9:00 pm,Minnesota Timberwolves,110,Phoenix Suns,118,Box Score,,16910.0,
"Sat, Nov 11, 2017",8:30 pm,Chicago Bulls,94,San Antonio Spurs,133,Box Score,,18418.0,
"Sat, Nov 11, 2017",9:00 pm,Brooklyn Nets,106,Utah Jazz,114,Box Score,,17413.0,
"Sat, Nov 11, 2017",7:00 pm,Atlanta Hawks,94,Washington Wizards,113,Box Score,,17260.0,
"Sun, Nov 12, 2017",3:30 pm,Toronto Raptors,94,Boston Celtics,95,Box Score,,18624.0,
"Sun, Nov 12, 2017",4:00 pm,Miami Heat,103,Detroit Pistons,112,Box Score,,16236.0,
"Sun, Nov 12, 2017",6:00 pm,Houston Rockets,118,Indiana Pacers,95,Box Score,,15581.0,
"Sun, Nov 12, 2017",7:00 pm,Dallas Mavericks,99,Oklahoma City Thunder,112,Box Score,,18203.0,
"Mon, Nov 13, 2017",10:30 pm,Orlando Magic,100,Golden State Warriors,110,Box Score,,19596.0,
"Mon, Nov 13, 2017",10:30 pm,Philadelphia 76ers,109,Los Angeles Clippers,105,Box Score,,19068.0,
"Mon, Nov 13, 2017",8:00 pm,Memphis Grizzlies,103,Milwaukee Bucks,110,Box Score,,13244.0,
"Mon, Nov 13, 2017",8:00 pm,Atlanta Hawks,105,New Orleans Pelicans,106,Box Score,,14631.0,
"Mon, Nov 13, 2017",7:30 pm,Cleveland Cavaliers,104,New York Knicks,101,Box Score,,19812.0,
"Mon, Nov 13, 2017",9:00 pm,Los Angeles Lakers,100,Phoenix Suns,93,Box Score,,17533.0,
"Mon, Nov 13, 2017",10:00 pm,Denver Nuggets,82,Portland Trail Blazers,99,Box Score,,18895.0,
"Mon, Nov 13, 2017",9:00 pm,Minnesota Timberwolves,109,Utah Jazz,98,Box Score,,17236.0,
"Mon, Nov 13, 2017",7:00 pm,Sacramento Kings,92,Washington Wizards,110,Box Score,,14660.0,
"Tue, Nov 14, 2017",7:30 pm,Boston Celtics,109,Brooklyn Nets,102,Box Score,,17732.0,
"Tue, Nov 14, 2017",8:30 pm,San Antonio Spurs,97,Dallas Mavericks,91,Box Score,,19535.0,
"Tue, Nov 14, 2017",8:00 pm,Toronto Raptors,129,Houston Rockets,113,Box Score,,18055.0,
"Wed, Nov 15, 2017",7:30 pm,Sacramento Kings,80,Atlanta Hawks,126,Box Score,,13860.0,
"Wed, Nov 15, 2017",8:00 pm,Cleveland Cavaliers,115,Charlotte Hornets,107,Box Score,,19427.0,
"Wed, Nov 15, 2017",10:30 pm,Philadelphia 76ers,115,Los Angeles Lakers,109,Box Score,,18997.0,
"Wed, Nov 15, 2017",8:00 pm,Indiana Pacers,116,Memphis Grizzlies,113,Box Score,,16033.0,
"Wed, Nov 15, 2017",7:30 pm,Washington Wizards,102,Miami Heat,93,Box Score,,19600.0,
"Wed, Nov 15, 2017",8:00 pm,Detroit Pistons,95,Milwaukee Bucks,99,Box Score,,14594.0,
"Wed, Nov 15, 2017",8:00 pm,San Antonio Spurs,86,Minnesota Timberwolves,98,Box Score,,18978.0,
"Wed, Nov 15, 2017",8:00 pm,Toronto Raptors,125,New Orleans Pelicans,116,Box Score,,15654.0,
"Wed, Nov 15, 2017",7:30 pm,Utah Jazz,101,New York Knicks,106,Box Score,,18695.0,
"Wed, Nov 15, 2017",8:00 pm,Chicago Bulls,79,Oklahoma City Thunder,92,Box Score,,18203.0,
"Wed, Nov 15, 2017",10:00 pm,Orlando Magic,94,Portland Trail Blazers,99,Box Score,,19206.0,
"Thu, Nov 16, 2017",8:00 pm,Golden State Warriors,88,Boston Celtics,92,Box Score,,18624.0,
"Thu, Nov 16, 2017",10:30 pm,Houston Rockets,142,Phoenix Suns,116,Box Score,,16875.0,
"Fri, Nov 17, 2017",7:30 pm,Utah Jazz,107,Brooklyn Nets,118,Box Score,,14495.0,
"Fri, Nov 17, 2017",8:00 pm,Charlotte Hornets,120,Chicago Bulls,123,Box Score,,20493.0,
"Fri, Nov 17, 2017",7:30 pm,Los Angeles Clippers,113,Cleveland Cavaliers,118,Box Score,OT,20562.0,
"Fri, Nov 17, 2017",8:30 pm,Minnesota Timberwolves,111,Dallas Mavericks,87,Box Score,,19459.0,
"Fri, Nov 17, 2017",10:30 pm,New Orleans Pelicans,114,Denver Nuggets,146,Box Score,,16816.0,
"Fri, Nov 17, 2017",7:00 pm,Detroit Pistons,100,Indiana Pacers,107,Box Score,,17188.0,
"Fri, Nov 17, 2017",10:30 pm,Phoenix Suns,122,Los Angeles Lakers,113,Box Score,,18997.0,
"Fri, Nov 17, 2017",10:00 pm,Portland Trail Blazers,82,Sacramento Kings,86,Box Score,,17583.0,
"Fri, Nov 17, 2017",8:00 pm,Oklahoma City Thunder,101,San Antonio Spurs,104,Box Score,,18418.0,
"Fri, Nov 17, 2017",7:30 pm,New York Knicks,84,Toronto Raptors,107,Box Score,,19800.0,
"Fri, Nov 17, 2017",7:00 pm,Miami Heat,91,Washington Wizards,88,Box Score,,17551.0,
"Sat, Nov 18, 2017",7:30 pm,Boston Celtics,110,Atlanta Hawks,99,Box Score,,16381.0,
"Sat, Nov 18, 2017",7:00 pm,Los Angeles Clippers,87,Charlotte Hornets,102,Box Score,,17640.0,
"Sat, Nov 18, 2017",9:00 pm,Milwaukee Bucks,79,Dallas Mavericks,111,Box Score,,19949.0,
"Sat, Nov 18, 2017",8:00 pm,Houston Rockets,105,Memphis Grizzlies,83,Box Score,,17266.0,
"Sat, Nov 18, 2017",7:00 pm,Utah Jazz,125,Orlando Magic,85,Box Score,,19157.0,
"Sat, Nov 18, 2017",7:30 pm,Golden State Warriors,124,Philadelphia 76ers,116,Box Score,,20848.0,
"Sat, Nov 18, 2017",10:00 pm,Sacramento Kings,90,Portland Trail Blazers,102,Box Score,,19522.0,
"Sun, Nov 19, 2017",6:00 pm,Golden State Warriors,118,Brooklyn Nets,111,Box Score,,17732.0,
"Sun, Nov 19, 2017",9:30 pm,Denver Nuggets,109,Los Angeles Lakers,127,Box Score,,18997.0,
"Sun, Nov 19, 2017",5:00 pm,Indiana Pacers,120,Miami Heat,95,Box Score,,19600.0,
"Sun, Nov 19, 2017",7:00 pm,Detroit Pistons,100,Minnesota Timberwolves,97,Box Score,,16069.0,
"Sun, Nov 19, 2017",8:00 pm,Chicago Bulls,105,Phoenix Suns,113,Box Score,,16264.0,
"Sun, Nov 19, 2017",3:30 pm,Washington Wizards,91,Toronto Raptors,100,Box Score,,19800.0,
"Mon, Nov 20, 2017",7:00 pm,Minnesota Timberwolves,102,Charlotte Hornets,118,Box Score,,15978.0,
"Mon, Nov 20, 2017",8:30 pm,Boston Celtics,110,Dallas Mavericks,102,Box Score,OT,20302.0,
"Mon, Nov 20, 2017",7:00 pm,Cleveland Cavaliers,116,Detroit Pistons,88,Box Score,,20491.0,
"Mon, Nov 20, 2017",8:00 pm,Portland Trail Blazers,100,Memphis Grizzlies,92,Box Score,,15785.0,
"Mon, Nov 20, 2017",8:00 pm,Washington Wizards,99,Milwaukee Bucks,88,Box Score,,16122.0,
"Mon, Nov 20, 2017",8:00 pm,Oklahoma City Thunder,107,New Orleans Pelicans,114,Box Score,,16765.0,
"Mon, Nov 20, 2017",7:30 pm,Los Angeles Clippers,85,New York Knicks,107,Box Score,,18848.0,
"Mon, Nov 20, 2017",7:00 pm,Indiana Pacers,105,Orlando Magic,97,Box Score,,17239.0,
"Mon, Nov 20, 2017",7:00 pm,Utah Jazz,86,Philadelphia 76ers,107,Box Score,,20587.0,
"Mon, Nov 20, 2017",10:00 pm,Denver Nuggets,114,Sacramento Kings,98,Box Score,,17583.0,
"Mon, Nov 20, 2017",8:30 pm,Atlanta Hawks,85,San Antonio Spurs,96,Box Score,,18418.0,
"Tue, Nov 21, 2017",10:30 pm,Chicago Bulls,94,Los Angeles Lakers,103,Box Score,,18997.0,
"Wed, Nov 22, 2017",7:30 pm,Los Angeles Clippers,116,Atlanta Hawks,103,Box Score,,12675.0,
"Wed, Nov 22, 2017",7:00 pm,Washington Wizards,124,Charlotte Hornets,129,Box Score,OT,16041.0,
"Wed, Nov 22, 2017",7:00 pm,Brooklyn Nets,109,Cleveland Cavaliers,119,Box Score,,20562.0,
"Wed, Nov 22, 2017",8:00 pm,Denver Nuggets,95,Houston Rockets,125,Box Score,,18055.0,
"Wed, Nov 22, 2017",8:00 pm,Dallas Mavericks,95,Memphis Grizzlies,94,Box Score,,16101.0,
"Wed, Nov 22, 2017",7:30 pm,Boston Celtics,98,Miami Heat,104,Box Score,,19704.0,
"Wed, Nov 22, 2017",8:00 pm,Orlando Magic,118,Minnesota Timberwolves,124,Box Score,,16402.0,
"Wed, Nov 22, 2017",8:00 pm,San Antonio Spurs,90,New Orleans Pelicans,107,Box Score,,17539.0,
"Wed, Nov 22, 2017",7:30 pm,Toronto Raptors,100,New York Knicks,108,Box Score,,19812.0,
"Wed, Nov 22, 2017",8:00 pm,Golden State Warriors,91,Oklahoma City Thunder,108,Box Score,,18203.0,
"Wed, Nov 22, 2017",7:00 pm,Portland Trail Blazers,81,Philadelphia 76ers,101,Box Score,,20605.0,
"Wed, Nov 22, 2017",9:00 pm,Milwaukee Bucks,113,Phoenix Suns,107,Box Score,OT,16270.0,
"Wed, Nov 22, 2017",10:30 pm,Los Angeles Lakers,102,Sacramento Kings,113,Box Score,,17583.0,
"Wed, Nov 22, 2017",9:00 pm,Chicago Bulls,80,Utah Jazz,110,Box Score,,17434.0,
"Fri, Nov 24, 2017",7:30 pm,New York Knicks,104,Atlanta Hawks,116,Box Score,,14355.0,
"Fri, Nov 24, 2017",7:30 pm,Orlando Magic,103,Boston Celtics,118,Box Score,,18624.0,
"Fri, Nov 24, 2017",12:00 pm,Portland Trail Blazers,127,Brooklyn Nets,125,Box Score,,15246.0,
"Fri, Nov 24, 2017",8:00 pm,Charlotte Hornets,99,Cleveland Cavaliers,100,Box Score,,20562.0,
"Fri, Nov 24, 2017",9:00 pm,Memphis Grizzlies,92,Denver Nuggets,104,Box Score,,16736.0,
"Fri, Nov 24, 2017",10:30 pm,Chicago Bulls,94,Golden State Warriors,143,Box Score,,19596.0,
"Fri, Nov 24, 2017",8:00 pm,Toronto Raptors,104,Indiana Pacers,107,Box Score,,16523.0,
"Fri, Nov 24, 2017",8:00 pm,Miami Heat,109,Minnesota Timberwolves,97,Box Score,,18978.0,
"Fri, Nov 24, 2017",8:00 pm,Detroit Pistons,99,Oklahoma City Thunder,98,Box Score,,18203.0,
"Fri, Nov 24, 2017",9:00 pm,New Orleans Pelicans,115,Phoenix Suns,91,Box Score,,16574.0,
"Sat, Nov 25, 2017",7:30 pm,Toronto Raptors,112,Atlanta Hawks,78,Box Score,,12278.0,
"Sat, Nov 25, 2017",7:00 pm,San Antonio Spurs,106,Charlotte Hornets,86,Box Score,,18597.0,
"Sat, Nov 25, 2017",8:30 pm,Oklahoma City Thunder,81,Dallas Mavericks,97,Box Score,,20340.0,
"Sat, Nov 25, 2017",8:30 pm,New Orleans Pelicans,95,Golden State Warriors,110,Box Score,,19596.0,
"Sat, Nov 25, 2017",8:00 pm,New York Knicks,102,Houston Rockets,117,Box Score,,18055.0,
"Sat, Nov 25, 2017",8:00 pm,Boston Celtics,108,Indiana Pacers,98,Box Score,,16303.0,
"Sat, Nov 25, 2017",7:00 pm,Orlando Magic,111,Philadelphia 76ers,130,Box Score,,20585.0,
"Sat, Nov 25, 2017",10:00 pm,Los Angeles Clippers,97,Sacramento Kings,95,Box Score,,17583.0,
"Sat, Nov 25, 2017",9:00 pm,Milwaukee Bucks,108,Utah Jazz,121,Box Score,,17298.0,
"Sat, Nov 25, 2017",7:00 pm,Portland Trail Blazers,108,Washington Wizards,105,Box Score,,18092.0,
"Sun, Nov 26, 2017",3:30 pm,Miami Heat,100,Chicago Bulls,93,Box Score,,20928.0,
"Sun, Nov 26, 2017",6:00 pm,Brooklyn Nets,98,Memphis Grizzlies,88,Box Score,,14889.0,
"Sun, Nov 26, 2017",3:30 pm,Phoenix Suns,108,Minnesota Timberwolves,119,Box Score,,16448.0,
"Mon, Nov 27, 2017",7:30 pm,Detroit Pistons,118,Boston Celtics,108,Box Score,,18624.0,
"Mon, Nov 27, 2017",10:30 pm,Sacramento Kings,110,Golden State Warriors,106,Box Score,,19596.0,
"Mon, Nov 27, 2017",8:00 pm,Brooklyn Nets,103,Houston Rockets,117,Box Score,,16189.0,
"Mon, Nov 27, 2017",7:00 pm,Orlando Magic,109,Indiana Pacers,121,Box Score,,12501.0,
"Mon, Nov 27, 2017",10:30 pm,Los Angeles Lakers,115,Los Angeles Clippers,120,Box Score,,18086.0,
"Mon, Nov 27, 2017",7:30 pm,Portland Trail Blazers,103,New York Knicks,91,Box Score,,18409.0,
"Mon, Nov 27, 2017",7:00 pm,Cleveland Cavaliers,113,Philadelphia 76ers,91,Box Score,,20527.0,
"Mon, Nov 27, 2017",8:30 pm,Dallas Mavericks,108,San Antonio Spurs,115,Box Score,,17918.0,
"Tue, Nov 28, 2017",8:00 pm,Phoenix Suns,104,Chicago Bulls,99,Box Score,,18324.0,
"Tue, Nov 28, 2017",7:00 pm,Miami Heat,97,Cleveland Cavaliers,108,Box Score,,20562.0,
"Tue, Nov 28, 2017",8:00 pm,Washington Wizards,92,Minnesota Timberwolves,89,Box Score,,13442.0,
"Tue, Nov 28, 2017",10:00 pm,Milwaukee Bucks,112,Sacramento Kings,87,Box Score,,17583.0,
"Tue, Nov 28, 2017",10:00 pm,Denver Nuggets,77,Utah Jazz,106,Box Score,,16790.0,
"Wed, Nov 29, 2017",8:30 pm,Brooklyn Nets,109,Dallas Mavericks,104,Box Score,,19327.0,
"Wed, Nov 29, 2017",7:00 pm,Phoenix Suns,107,Detroit Pistons,131,Box Score,,18096.0,
"Wed, Nov 29, 2017",8:00 pm,Indiana Pacers,97,Houston Rockets,118,Box Score,,16760.0,
"Wed, Nov 29, 2017",10:30 pm,Golden State Warriors,127,Los Angeles Lakers,123,Box Score,OT,18997.0,
"Wed, Nov 29, 2017",8:00 pm,Minnesota Timberwolves,120,New Orleans Pelicans,102,Box Score,,15555.0,
"Wed, Nov 29, 2017",7:30 pm,Miami Heat,86,New York Knicks,115,Box Score,,17693.0,
"Wed, Nov 29, 2017",7:00 pm,Oklahoma City Thunder,108,Orlando Magic,121,Box Score,,17797.0,
"Wed, Nov 29, 2017",7:00 pm,Washington Wizards,113,Philadelphia 76ers,118,Box Score,,20492.0,
"Wed, Nov 29, 2017",8:30 pm,Memphis Grizzlies,95,San Antonio Spurs,104,Box Score,,18013.0,
"Wed, Nov 29, 2017",7:30 pm,Charlotte Hornets,113,Toronto Raptors,126,Box Score,,19800.0,
"Thu, Nov 30, 2017",7:30 pm,Cleveland Cavaliers,121,Atlanta Hawks,114,Box Score,,16379.0,
"Thu, Nov 30, 2017",7:30 pm,Philadelphia 76ers,97,Boston Celtics,108,Box Score,,18624.0,
"Thu, Nov 30, 2017",9:00 pm,Chicago Bulls,110,Denver Nuggets,111,Box Score,,15156.0,
"Thu, Nov 30, 2017",10:30 pm,Utah Jazz,126,Los Angeles Clippers,107,Box Score,,15139.0,
"Thu, Nov 30, 2017",10:00 pm,Milwaukee Bucks,103,Portland Trail Blazers,91,Box Score,,19459.0,
"Fri, Dec 1, 2017",8:00 pm,Sacramento Kings,107,Chicago Bulls,106,Box Score,,19268.0,
"Fri, Dec 1, 2017",8:00 pm,San Antonio Spurs,95,Memphis Grizzlies,79,Box Score,,16413.0,
"Fri, Dec 1, 2017",8:00 pm,Charlotte Hornets,100,Miami Heat,105,Box Score,,19600.0,
"Fri, Dec 1, 2017",8:00 pm,Minnesota Timberwolves,107,Oklahoma City Thunder,111,Box Score,,18203.0,
"Fri, Dec 1, 2017",7:00 pm,Golden State Warriors,133,Orlando Magic,112,Box Score,,18846.0,
"Fri, Dec 1, 2017",7:30 pm,Indiana Pacers,115,Toronto Raptors,120,Box Score,,19800.0,
"Fri, Dec 1, 2017",9:00 pm,New Orleans Pelicans,108,Utah Jazz,114,Box Score,,17725.0,
"Fri, Dec 1, 2017",7:00 pm,Detroit Pistons,91,Washington Wizards,109,Box Score,,17885.0,
"Sat, Dec 2, 2017",1:00 pm,Phoenix Suns,111,Boston Celtics,116,Box Score,,18624.0,
"Sat, Dec 2, 2017",3:00 pm,Atlanta Hawks,114,Brooklyn Nets,102,Box Score,,13949.0,
"Sat, Dec 2, 2017",7:30 pm,Memphis Grizzlies,111,Cleveland Cavaliers,116,Box Score,,20562.0,
"Sat, Dec 2, 2017",2:00 pm,Los Angeles Clippers,82,Dallas Mavericks,108,Box Score,,19245.0,
"Sat, Dec 2, 2017",9:00 pm,Los Angeles Lakers,100,Denver Nuggets,115,Box Score,,19520.0,
"Sat, Dec 2, 2017",8:30 pm,Sacramento Kings,104,Milwaukee Bucks,109,Box Score,,15581.0,
"Sat, Dec 2, 2017",7:30 pm,Detroit Pistons,103,Philadelphia 76ers,108,Box Score,,20562.0,
"Sat, Dec 2, 2017",10:00 pm,New Orleans Pelicans,123,Portland Trail Blazers,116,Box Score,,18730.0,
"Sun, Dec 3, 2017",9:30 pm,Houston Rockets,118,Los Angeles Lakers,95,Box Score,,18997.0,
"Sun, Dec 3, 2017",7:00 pm,Golden State Warriors,123,Miami Heat,95,Box Score,,19600.0,
"Sun, Dec 3, 2017",7:00 pm,Los Angeles Clippers,106,Minnesota Timberwolves,112,Box Score,,13172.0,
"Sun, Dec 3, 2017",3:30 pm,Orlando Magic,105,New York Knicks,100,Box Score,,19082.0,
"Sun, Dec 3, 2017",7:00 pm,San Antonio Spurs,87,Oklahoma City Thunder,90,Box Score,,18203.0,
"Mon, Dec 4, 2017",7:30 pm,Brooklyn Nets,110,Atlanta Hawks,90,Box Score,,12056.0,
"Mon, Dec 4, 2017",7:30 pm,Milwaukee Bucks,100,Boston Celtics,111,Box Score,,18624.0,
"Mon, Dec 4, 2017",8:00 pm,Cleveland Cavaliers,113,Chicago Bulls,91,Box Score,,21323.0,
"Mon, Dec 4, 2017",7:00 pm,Orlando Magic,94,Charlotte Hornets,104,Box Score,,14419.0,
"Mon, Dec 4, 2017",8:30 pm,Denver Nuggets,105,Dallas Mavericks,122,Box Score,,19419.0,
"Mon, Dec 4, 2017",7:00 pm,New York Knicks,97,Indiana Pacers,115,Box Score,,12018.0,
"Mon, Dec 4, 2017",8:00 pm,Minnesota Timberwolves,92,Memphis Grizzlies,95,Box Score,,14012.0,
"Mon, Dec 4, 2017",8:00 pm,Golden State Warriors,125,New Orleans Pelicans,115,Box Score,,17004.0,
"Mon, Dec 4, 2017",7:00 pm,Phoenix Suns,115,Philadelphia 76ers,101,Box Score,,20564.0,
"Mon, Dec 4, 2017",8:30 pm,Detroit Pistons,93,San Antonio Spurs,96,Box Score,,18288.0,
"Mon, Dec 4, 2017",9:00 pm,Washington Wizards,69,Utah Jazz,116,Box Score,,17227.0,
"Tue, Dec 5, 2017",8:00 pm,Utah Jazz,94,Oklahoma City Thunder,100,Box Score,,18203.0,
"Tue, Dec 5, 2017",10:00 pm,Washington Wizards,106,Portland Trail Blazers,92,Box Score,,19241.0,
"Tue, Dec 5, 2017",7:30 pm,Phoenix Suns,113,Toronto Raptors,126,Box Score,,19800.0,
"Wed, Dec 6, 2017",7:30 pm,Dallas Mavericks,90,Boston Celtics,97,Box Score,,18624.0,
"Wed, Dec 6, 2017",8:00 pm,Golden State Warriors,101,Charlotte Hornets,87,Box Score,,19334.0,
"Wed, Dec 6, 2017",7:00 pm,Sacramento Kings,95,Cleveland Cavaliers,101,Box Score,,20562.0,
"Wed, Dec 6, 2017",7:00 pm,Chicago Bulls,96,Indiana Pacers,98,Box Score,,13013.0,
"Wed, Dec 6, 2017",10:30 pm,Minnesota Timberwolves,113,Los Angeles Clippers,107,Box Score,,15951.0,
"Wed, Dec 6, 2017",8:00 pm,Detroit Pistons,100,Milwaukee Bucks,104,Box Score,,15841.0,
"Wed, Dec 6, 2017",8:00 pm,Denver Nuggets,114,New Orleans Pelicans,123,Box Score,,15353.0,
"Wed, Dec 6, 2017",7:30 pm,Memphis Grizzlies,88,New York Knicks,99,Box Score,,19812.0,
"Wed, Dec 6, 2017",7:00 pm,Atlanta Hawks,106,Orlando Magic,110,Box Score,OT,16167.0,
"Wed, Dec 6, 2017",8:30 pm,Miami Heat,105,San Antonio Spurs,117,Box Score,,18252.0,
"Thu, Dec 7, 2017",10:00 pm,Oklahoma City Thunder,95,Brooklyn Nets,100,Box Score,,20562.0,
"Thu, Dec 7, 2017",8:00 pm,Los Angeles Lakers,107,Philadelphia 76ers,104,Box Score,,20495.0,
"Thu, Dec 7, 2017",9:00 pm,Washington Wizards,109,Phoenix Suns,99,Box Score,,15925.0,
"Thu, Dec 7, 2017",10:30 pm,Houston Rockets,112,Utah Jazz,101,Box Score,,18306.0,
"Fri, Dec 8, 2017",7:00 pm,Chicago Bulls,119,Charlotte Hornets,111,Box Score,OT,14077.0,
"Fri, Dec 8, 2017",7:00 pm,Golden State Warriors,102,Detroit Pistons,98,Box Score,,20491.0,
"Fri, Dec 8, 2017",7:00 pm,Cleveland Cavaliers,102,Indiana Pacers,106,Box Score,,17032.0,
"Fri, Dec 8, 2017",8:00 pm,Toronto Raptors,116,Memphis Grizzlies,107,Box Score,,15417.0,
"Fri, Dec 8, 2017",8:00 pm,Dallas Mavericks,102,Milwaukee Bucks,109,Box Score,,15889.0,
"Fri, Dec 8, 2017",8:00 pm,Sacramento Kings,116,New Orleans Pelicans,109,Box Score,OT,15019.0,
"Fri, Dec 8, 2017",7:00 pm,Denver Nuggets,103,Orlando Magic,89,Box Score,,16024.0,
"Fri, Dec 8, 2017",9:30 pm,Boston Celtics,102,San Antonio Spurs,105,Box Score,,18418.0,
"Sat, Dec 9, 2017",7:30 pm,Orlando Magic,110,Atlanta Hawks,117,Box Score,,12719.0,
"Sat, Dec 9, 2017",6:00 pm,Miami Heat,101,Brooklyn Nets,89,Box Score,,19777.0,
"Sat, Dec 9, 2017",8:00 pm,New York Knicks,102,Chicago Bulls,104,Box Score,,20149.0,
"Sat, Dec 9, 2017",7:00 pm,Los Angeles Lakers,110,Charlotte Hornets,99,Box Score,,19320.0,
"Sat, Dec 9, 2017",8:00 pm,Philadelphia 76ers,98,Cleveland Cavaliers,105,Box Score,,20562.0,
"Sat, Dec 9, 2017",3:30 pm,Washington Wizards,112,Los Angeles Clippers,113,Box Score,,15739.0,
"Sat, Dec 9, 2017",9:00 pm,Oklahoma City Thunder,102,Memphis Grizzlies,101,Box Score,OT,17794.0,
"Sat, Dec 9, 2017",8:30 pm,Utah Jazz,100,Milwaukee Bucks,117,Box Score,,16675.0,
"Sat, Dec 9, 2017",9:00 pm,San Antonio Spurs,104,Phoenix Suns,101,Box Score,,16575.0,
"Sat, Dec 9, 2017",10:00 pm,Houston Rockets,124,Portland Trail Blazers,117,Box Score,,19503.0,
"Sun, Dec 10, 2017",4:00 pm,Boston Celtics,91,Detroit Pistons,81,Box Score,,18776.0,
"Sun, Dec 10, 2017",5:00 pm,Denver Nuggets,116,Indiana Pacers,126,Box Score,OT,14587.0,
"Sun, Dec 10, 2017",7:00 pm,Dallas Mavericks,92,Minnesota Timberwolves,97,Box Score,,13094.0,
"Sun, Dec 10, 2017",7:00 pm,Philadelphia 76ers,124,New Orleans Pelicans,131,Box Score,,16878.0,
"Sun, Dec 10, 2017",7:30 pm,Atlanta Hawks,107,New York Knicks,111,Box Score,,19189.0,
"Sun, Dec 10, 2017",3:30 pm,Toronto Raptors,102,Sacramento Kings,87,Box Score,,17583.0,
"Mon, Dec 11, 2017",8:00 pm,Boston Celtics,85,Chicago Bulls,108,Box Score,,19617.0,
"Mon, Dec 11, 2017",10:30 pm,Portland Trail Blazers,104,Golden State Warriors,111,Box Score,,19596.0,
"Mon, Dec 11, 2017",8:00 pm,New Orleans Pelicans,123,Houston Rockets,130,Box Score,,18055.0,
"Mon, Dec 11, 2017",10:30 pm,Toronto Raptors,91,Los Angeles Clippers,96,Box Score,,16658.0,
"Mon, Dec 11, 2017",8:00 pm,Miami Heat,107,Memphis Grizzlies,82,Box Score,,14857.0,
"Mon, Dec 11, 2017",8:00 pm,Charlotte Hornets,116,Oklahoma City Thunder,103,Box Score,,18203.0,
"Tue, Dec 12, 2017",7:30 pm,Washington Wizards,98,Brooklyn Nets,103,Box Score,,14515.0,
"Tue, Dec 12, 2017",7:00 pm,Atlanta Hawks,114,Cleveland Cavaliers,123,Box Score,,20562.0,
"Tue, Dec 12, 2017",8:30 pm,San Antonio Spurs,89,Dallas Mavericks,95,Box Score,,19874.0,
"Tue, Dec 12, 2017",7:00 pm,Denver Nuggets,103,Detroit Pistons,84,Box Score,,15480.0,
"Tue, Dec 12, 2017",9:30 pm,Philadelphia 76ers,118,Minnesota Timberwolves,112,Box Score,OT,14659.0,
"Tue, Dec 12, 2017",7:00 pm,Los Angeles Lakers,109,New York Knicks,113,Box Score,OT,19359.0,
"Tue, Dec 12, 2017",10:00 pm,Phoenix Suns,92,Sacramento Kings,99,Box Score,,17583.0,
"Wed, Dec 13, 2017",7:30 pm,Denver Nuggets,118,Boston Celtics,124,Box Score,,18624.0,
"Wed, Dec 13, 2017",8:00 pm,Utah Jazz,100,Chicago Bulls,103,Box Score,,18102.0,
"Wed, Dec 13, 2017",9:30 pm,Charlotte Hornets,96,Houston Rockets,108,Box Score,,16509.0,
"Wed, Dec 13, 2017",7:00 pm,Oklahoma City Thunder,100,Indiana Pacers,95,Box Score,,17923.0,
"Wed, Dec 13, 2017",7:30 pm,Portland Trail Blazers,102,Miami Heat,95,Box Score,,19600.0,
"Wed, Dec 13, 2017",8:00 pm,Milwaukee Bucks,108,New Orleans Pelicans,115,Box Score,,16863.0,
"Wed, Dec 13, 2017",7:00 pm,Los Angeles Clippers,106,Orlando Magic,95,Box Score,,16011.0,
"Wed, Dec 13, 2017",9:00 pm,Toronto Raptors,115,Phoenix Suns,109,Box Score,,15517.0,
"Wed, Dec 13, 2017",7:00 pm,Memphis Grizzlies,87,Washington Wizards,93,Box Score,,15297.0,
"Thu, Dec 14, 2017",7:30 pm,Detroit Pistons,105,Atlanta Hawks,91,Box Score,,13548.0,
"Thu, Dec 14, 2017",7:30 pm,New York Knicks,111,Brooklyn Nets,104,Box Score,,17732.0,
"Thu, Dec 14, 2017",8:00 pm,Los Angeles Lakers,112,Cleveland Cavaliers,121,Box Score,,20562.0,
"Thu, Dec 14, 2017",10:30 pm,Dallas Mavericks,97,Golden State Warriors,112,Box Score,,19596.0,
"Thu, Dec 14, 2017",8:00 pm,Sacramento Kings,96,Minnesota Timberwolves,119,Box Score,,11126.0,
"Fri, Dec 15, 2017",7:30 pm,Utah Jazz,107,Boston Celtics,95,Box Score,,18624.0,
"Fri, Dec 15, 2017",7:00 pm,Miami Heat,104,Charlotte Hornets,98,Box Score,,15565.0,
"Fri, Dec 15, 2017",9:00 pm,New Orleans Pelicans,111,Denver Nuggets,117,Box Score,OT,17584.0,
"Fri, Dec 15, 2017",9:30 pm,San Antonio Spurs,109,Houston Rockets,124,Box Score,,18055.0,
"Fri, Dec 15, 2017",7:00 pm,Detroit Pistons,104,Indiana Pacers,98,Box Score,,14687.0,
"Fri, Dec 15, 2017",8:00 pm,Atlanta Hawks,94,Memphis Grizzlies,96,Box Score,,15803.0,
"Fri, Dec 15, 2017",8:00 pm,Chicago Bulls,115,Milwaukee Bucks,109,Box Score,,16921.0,
"Fri, Dec 15, 2017",7:00 pm,Portland Trail Blazers,95,Orlando Magic,88,Box Score,,16963.0,
"Fri, Dec 15, 2017",7:00 pm,Oklahoma City Thunder,119,Philadelphia 76ers,117,Box Score,3OT,20612.0,
"Fri, Dec 15, 2017",7:30 pm,Brooklyn Nets,87,Toronto Raptors,120,Box Score,,19800.0,
"Fri, Dec 15, 2017",7:00 pm,Los Angeles Clippers,91,Washington Wizards,100,Box Score,,15442.0,
"Sat, Dec 16, 2017",7:00 pm,Portland Trail Blazers,93,Charlotte Hornets,91,Box Score,,16687.0,
"Sat, Dec 16, 2017",7:30 pm,Utah Jazz,100,Cleveland Cavaliers,109,Box Score,,20562.0,
"Sat, Dec 16, 2017",8:00 pm,Milwaukee Bucks,111,Houston Rockets,115,Box Score,,18055.0,
"Sat, Dec 16, 2017",9:00 pm,Boston Celtics,102,Memphis Grizzlies,93,Box Score,,17794.0,
"Sat, Dec 16, 2017",8:00 pm,Los Angeles Clippers,85,Miami Heat,90,Box Score,,19600.0,
"Sat, Dec 16, 2017",8:00 pm,Phoenix Suns,108,Minnesota Timberwolves,106,Box Score,,18109.0,
"Sat, Dec 16, 2017",7:30 pm,Oklahoma City Thunder,96,New York Knicks,111,Box Score,,19812.0,
"Sat, Dec 16, 2017",8:30 pm,Dallas Mavericks,96,San Antonio Spurs,98,Box Score,,18418.0,
"Sun, Dec 17, 2017",6:00 pm,Indiana Pacers,109,Brooklyn Nets,97,Box Score,,13934.0,
"Sun, Dec 17, 2017",4:00 pm,Orlando Magic,110,Detroit Pistons,114,Box Score,,16312.0,
"Sun, Dec 17, 2017",3:30 pm,Sacramento Kings,93,Toronto Raptors,108,Box Score,,19800.0,
"Sun, Dec 17, 2017",6:00 pm,Cleveland Cavaliers,106,Washington Wizards,99,Box Score,,20356.0,
"Mon, Dec 18, 2017",7:30 pm,Miami Heat,104,Atlanta Hawks,110,Box Score,,14227.0,
"Mon, Dec 18, 2017",8:00 pm,Philadelphia 76ers,115,Chicago Bulls,117,Box Score,,20796.0,
"Mon, Dec 18, 2017",7:00 pm,New York Knicks,91,Charlotte Hornets,109,Box Score,,15386.0,
"Mon, Dec 18, 2017",8:30 pm,Phoenix Suns,97,Dallas Mavericks,91,Box Score,,19245.0,
"Mon, Dec 18, 2017",8:00 pm,Utah Jazz,99,Houston Rockets,120,Box Score,,18055.0,
"Mon, Dec 18, 2017",7:00 pm,Boston Celtics,112,Indiana Pacers,111,Box Score,,16055.0,
"Mon, Dec 18, 2017",10:30 pm,Golden State Warriors,116,Los Angeles Lakers,114,Box Score,OT,18997.0,
"Mon, Dec 18, 2017",8:00 pm,Portland Trail Blazers,107,Minnesota Timberwolves,108,Box Score,,14187.0,
"Mon, Dec 18, 2017",8:00 pm,Denver Nuggets,94,Oklahoma City Thunder,95,Box Score,,18203.0,
"Mon, Dec 18, 2017",8:30 pm,Los Angeles Clippers,91,San Antonio Spurs,109,Box Score,,18418.0,
"Tue, Dec 19, 2017",8:00 pm,Cleveland Cavaliers,116,Milwaukee Bucks,119,Box Score,,18717.0,
"Tue, Dec 19, 2017",7:00 pm,Sacramento Kings,101,Philadelphia 76ers,95,Box Score,,20558.0,
"Tue, Dec 19, 2017",7:00 pm,New Orleans Pelicans,106,Washington Wizards,116,Box Score,,16529.0,
"Wed, Dec 20, 2017",7:30 pm,Indiana Pacers,105,Atlanta Hawks,95,Box Score,,14830.0,
"Wed, Dec 20, 2017",7:30 pm,Miami Heat,90,Boston Celtics,89,Box Score,,18624.0,
"Wed, Dec 20, 2017",7:30 pm,Sacramento Kings,104,Brooklyn Nets,99,Box Score,,13179.0,
"Wed, Dec 20, 2017",8:00 pm,Orlando Magic,94,Chicago Bulls,112,Box Score,,20285.0,
"Wed, Dec 20, 2017",7:00 pm,Toronto Raptors,129,Charlotte Hornets,111,Box Score,,15023.0,
"Wed, Dec 20, 2017",8:30 pm,Detroit Pistons,93,Dallas Mavericks,110,Box Score,,19580.0,
"Wed, Dec 20, 2017",9:00 pm,Minnesota Timberwolves,112,Denver Nuggets,104,Box Score,,17002.0,
"Wed, Dec 20, 2017",10:30 pm,Memphis Grizzlies,84,Golden State Warriors,97,Box Score,,19596.0,
"Wed, Dec 20, 2017",8:00 pm,Los Angeles Lakers,122,Houston Rockets,116,Box Score,,18055.0,
"Wed, Dec 20, 2017",10:30 pm,Phoenix Suns,95,Los Angeles Clippers,108,Box Score,,17151.0,
"Wed, Dec 20, 2017",8:00 pm,Utah Jazz,79,Oklahoma City Thunder,107,Box Score,,18203.0,
"Wed, Dec 20, 2017",10:00 pm,San Antonio Spurs,93,Portland Trail Blazers,91,Box Score,,19393.0,
"Thu, Dec 21, 2017",7:00 pm,Chicago Bulls,112,Cleveland Cavaliers,115,Box Score,,20562.0,
"Thu, Dec 21, 2017",8:00 pm,Boston Celtics,93,New York Knicks,102,Box Score,,19812.0,
"Thu, Dec 21, 2017",7:00 pm,Toronto Raptors,114,Philadelphia 76ers,109,Box Score,,20680.0,
"Thu, Dec 21, 2017",9:00 pm,Memphis Grizzlies,95,Phoenix Suns,97,Box Score,,16339.0,
"Thu, Dec 21, 2017",10:30 pm,San Antonio Spurs,89,Utah Jazz,100,Box Score,,18306.0,
"Fri, Dec 22, 2017",7:30 pm,Washington Wizards,84,Brooklyn Nets,119,Box Score,,15589.0,
"Fri, Dec 22, 2017",7:00 pm,New York Knicks,101,Detroit Pistons,104,Box Score,,16922.0,
"Fri, Dec 22, 2017",10:30 pm,Los Angeles Lakers,106,Golden State Warriors,113,Box Score,,19596.0,
"Fri, Dec 22, 2017",8:00 pm,Los Angeles Clippers,128,Houston Rockets,118,Box Score,,18055.0,
"Fri, Dec 22, 2017",8:00 pm,Dallas Mavericks,101,Miami Heat,113,Box Score,,19600.0,
"Fri, Dec 22, 2017",8:00 pm,Charlotte Hornets,104,Milwaukee Bucks,109,Box Score,,17018.0,
"Fri, Dec 22, 2017",8:00 pm,Atlanta Hawks,117,Oklahoma City Thunder,120,Box Score,,18203.0,
"Fri, Dec 22, 2017",7:00 pm,New Orleans Pelicans,111,Orlando Magic,97,Box Score,,18846.0,
"Fri, Dec 22, 2017",10:00 pm,Denver Nuggets,102,Portland Trail Blazers,85,Box Score,,19473.0,
"Sat, Dec 23, 2017",7:30 pm,Dallas Mavericks,107,Atlanta Hawks,112,Box Score,,13402.0,
"Sat, Dec 23, 2017",7:30 pm,Chicago Bulls,92,Boston Celtics,117,Box Score,,18624.0,
"Sat, Dec 23, 2017",7:00 pm,Milwaukee Bucks,106,Charlotte Hornets,111,Box Score,,18363.0,
"Sat, Dec 23, 2017",8:30 pm,Denver Nuggets,96,Golden State Warriors,81,Box Score,,19596.0,
"Sat, Dec 23, 2017",7:00 pm,Brooklyn Nets,119,Indiana Pacers,123,Box Score,OT,17107.0,
"Sat, Dec 23, 2017",9:30 pm,Portland Trail Blazers,95,Los Angeles Lakers,92,Box Score,,18997.0,
"Sat, Dec 23, 2017",8:00 pm,Los Angeles Clippers,112,Memphis Grizzlies,115,Box Score,,16844.0,
"Sat, Dec 23, 2017",8:00 pm,New Orleans Pelicans,109,Miami Heat,94,Box Score,,19600.0,
"Sat, Dec 23, 2017",9:00 pm,Minnesota Timberwolves,115,Phoenix Suns,106,Box Score,,16482.0,
"Sat, Dec 23, 2017",10:00 pm,San Antonio Spurs,108,Sacramento Kings,99,Box Score,,17583.0,
"Sat, Dec 23, 2017",5:00 pm,Philadelphia 76ers,86,Toronto Raptors,102,Box Score,,19800.0,
"Sat, Dec 23, 2017",8:00 pm,Oklahoma City Thunder,103,Utah Jazz,89,Box Score,,18306.0,
"Sat, Dec 23, 2017",7:00 pm,Orlando Magic,103,Washington Wizards,130,Box Score,,17218.0,
"Mon, Dec 25, 2017",5:30 pm,Washington Wizards,111,Boston Celtics,103,Box Score,,18624.0,
"Mon, Dec 25, 2017",3:00 pm,Cleveland Cavaliers,92,Golden State Warriors,99,Box Score,,19596.0,
"Mon, Dec 25, 2017",10:30 pm,Minnesota Timberwolves,121,Los Angeles Lakers,104,Box Score,,18997.0,
"Mon, Dec 25, 2017",12:00 pm,Philadelphia 76ers,105,New York Knicks,98,Box Score,,19812.0,
"Mon, Dec 25, 2017",8:00 pm,Houston Rockets,107,Oklahoma City Thunder,112,Box Score,,18203.0,
"Tue, Dec 26, 2017",7:00 pm,Toronto Raptors,93,Dallas Mavericks,98,Box Score,,20005.0,
"Tue, Dec 26, 2017",9:00 pm,Utah Jazz,83,Denver Nuggets,107,Box Score,,17104.0,
"Tue, Dec 26, 2017",7:00 pm,Indiana Pacers,83,Detroit Pistons,107,Box Score,,20491.0,
"Tue, Dec 26, 2017",10:30 pm,Sacramento Kings,95,Los Angeles Clippers,122,Box Score,,16393.0,
"Tue, Dec 26, 2017",7:30 pm,Orlando Magic,89,Miami Heat,107,Box Score,,19600.0,
"Tue, Dec 26, 2017",8:00 pm,Chicago Bulls,115,Milwaukee Bucks,106,Box Score,,18717.0,
"Tue, Dec 26, 2017",9:00 pm,Memphis Grizzlies,97,Phoenix Suns,99,Box Score,,17105.0,
"Tue, Dec 26, 2017",8:30 pm,Brooklyn Nets,97,San Antonio Spurs,109,Box Score,,18492.0,
"Wed, Dec 27, 2017",7:30 pm,Washington Wizards,99,Atlanta Hawks,113,Box Score,,15763.0,
"Wed, Dec 27, 2017",8:00 pm,New York Knicks,87,Chicago Bulls,92,Box Score,,21883.0,
"Wed, Dec 27, 2017",7:00 pm,Boston Celtics,102,Charlotte Hornets,91,Box Score,,19611.0,
"Wed, Dec 27, 2017",10:30 pm,Utah Jazz,101,Golden State Warriors,126,Box Score,,19596.0,
"Wed, Dec 27, 2017",7:00 pm,Dallas Mavericks,98,Indiana Pacers,94,Box Score,,17923.0,
"Wed, Dec 27, 2017",10:30 pm,Memphis Grizzlies,109,Los Angeles Lakers,99,Box Score,,18997.0,
"Wed, Dec 27, 2017",8:00 pm,Denver Nuggets,125,Minnesota Timberwolves,128,Box Score,OT,18978.0,
"Wed, Dec 27, 2017",8:00 pm,Brooklyn Nets,113,New Orleans Pelicans,128,Box Score,,16707.0,
"Wed, Dec 27, 2017",8:00 pm,Toronto Raptors,107,Oklahoma City Thunder,124,Box Score,,18203.0,
"Wed, Dec 27, 2017",10:00 pm,Cleveland Cavaliers,95,Sacramento Kings,109,Box Score,,17583.0,
"Thu, Dec 28, 2017",8:00 pm,Houston Rockets,98,Boston Celtics,99,Box Score,,18624.0,
"Thu, Dec 28, 2017",8:00 pm,Minnesota Timberwolves,96,Milwaukee Bucks,102,Box Score,,18717.0,
"Thu, Dec 28, 2017",7:00 pm,Detroit Pistons,89,Orlando Magic,102,Box Score,,18846.0,
"Thu, Dec 28, 2017",10:30 pm,Philadelphia 76ers,110,Portland Trail Blazers,114,Box Score,,20104.0,
"Thu, Dec 28, 2017",8:30 pm,New York Knicks,107,San Antonio Spurs,119,Box Score,,18935.0,
"Fri, Dec 29, 2017",8:00 pm,Indiana Pacers,107,Chicago Bulls,119,Box Score,,21178.0,
"Fri, Dec 29, 2017",10:30 pm,Charlotte Hornets,111,Golden State Warriors,100,Box Score,,19596.0,
"Fri, Dec 29, 2017",10:30 pm,Los Angeles Clippers,121,Los Angeles Lakers,106,Box Score,,18997.0,
"Fri, Dec 29, 2017",8:00 pm,Brooklyn Nets,111,Miami Heat,87,Box Score,,19600.0,
"Fri, Dec 29, 2017",8:00 pm,Dallas Mavericks,128,New Orleans Pelicans,120,Box Score,,16878.0,
"Fri, Dec 29, 2017",8:00 pm,Milwaukee Bucks,97,Oklahoma City Thunder,95,Box Score,,18203.0,
"Fri, Dec 29, 2017",10:00 pm,Phoenix Suns,111,Sacramento Kings,101,Box Score,,17583.0,
"Fri, Dec 29, 2017",7:30 pm,Atlanta Hawks,98,Toronto Raptors,111,Box Score,,19800.0,
"Fri, Dec 29, 2017",7:00 pm,Houston Rockets,103,Washington Wizards,121,Box Score,,20356.0,
"Sat, Dec 30, 2017",7:30 pm,Portland Trail Blazers,89,Atlanta Hawks,104,Box Score,,15877.0,
"Sat, Dec 30, 2017",9:00 pm,Philadelphia 76ers,107,Denver Nuggets,102,Box Score,,19599.0,
"Sat, Dec 30, 2017",7:00 pm,San Antonio Spurs,79,Detroit Pistons,93,Box Score,,19671.0,
"Sat, Dec 30, 2017",8:30 pm,Memphis Grizzlies,128,Golden State Warriors,141,Box Score,,19596.0,
"Sat, Dec 30, 2017",7:00 pm,New York Knicks,105,New Orleans Pelicans,103,Box Score,,16947.0,
"Sat, Dec 30, 2017",7:00 pm,Miami Heat,117,Orlando Magic,111,Box Score,,18846.0,
"Sat, Dec 30, 2017",8:00 pm,Cleveland Cavaliers,101,Utah Jazz,104,Box Score,,18306.0,
"Sun, Dec 31, 2017",5:30 pm,Brooklyn Nets,105,Boston Celtics,108,Box Score,,18624.0,
"Sun, Dec 31, 2017",7:00 pm,Los Angeles Lakers,142,Houston Rockets,148,Box Score,2OT,18179.0,
"Sun, Dec 31, 2017",5:00 pm,Minnesota Timberwolves,107,Indiana Pacers,90,Box Score,,17923.0,
"Sun, Dec 31, 2017",7:00 pm,Charlotte Hornets,98,Los Angeles Clippers,106,Box Score,,17348.0,
"Sun, Dec 31, 2017",7:00 pm,Dallas Mavericks,116,Oklahoma City Thunder,113,Box Score,,18203.0,
"Sun, Dec 31, 2017",8:00 pm,Philadelphia 76ers,123,Phoenix Suns,110,Box Score,,16983.0,
"Sun, Dec 31, 2017",7:00 pm,Memphis Grizzlies,114,Sacramento Kings,96,Box Score,,17583.0,
"Sun, Dec 31, 2017",3:30 pm,Chicago Bulls,110,Washington Wizards,114,Box Score,,20356.0,
"Mon, Jan 1, 2018",7:30 pm,Orlando Magic,95,Brooklyn Nets,98,Box Score,,16164.0,
"Mon, Jan 1, 2018",8:00 pm,Portland Trail Blazers,124,Chicago Bulls,120,Box Score,OT,20860.0,
"Mon, Jan 1, 2018",8:00 pm,Los Angeles Lakers,96,Minnesota Timberwolves,114,Box Score,,18978.0,
"Mon, Jan 1, 2018",7:30 pm,Milwaukee Bucks,127,Toronto Raptors,131,Box Score,OT,19800.0,
"Tue, Jan 2, 2018",7:00 pm,Portland Trail Blazers,110,Cleveland Cavaliers,127,Box Score,,20562.0,
"Tue, Jan 2, 2018",10:30 pm,Memphis Grizzlies,105,Los Angeles Clippers,113,Box Score,,15711.0,
"Tue, Jan 2, 2018",7:30 pm,San Antonio Spurs,100,New York Knicks,91,Box Score,,19812.0,
"Tue, Jan 2, 2018",9:00 pm,Atlanta Hawks,103,Phoenix Suns,104,Box Score,,15921.0,
"Tue, Jan 2, 2018",10:00 pm,Charlotte Hornets,131,Sacramento Kings,111,Box Score,,17583.0,
"Wed, Jan 3, 2018",8:00 pm,Cleveland Cavaliers,88,Boston Celtics,102,Box Score,,18624.0,
"Wed, Jan 3, 2018",7:30 pm,Minnesota Timberwolves,97,Brooklyn Nets,98,Box Score,,16215.0,
"Wed, Jan 3, 2018",8:00 pm,Toronto Raptors,124,Chicago Bulls,115,Box Score,,20056.0,
"Wed, Jan 3, 2018",8:30 pm,Golden State Warriors,125,Dallas Mavericks,122,Box Score,,20212.0,
"Wed, Jan 3, 2018",9:00 pm,Phoenix Suns,111,Denver Nuggets,134,Box Score,,14079.0,
"Wed, Jan 3, 2018",10:30 pm,Oklahoma City Thunder,133,Los Angeles Lakers,96,Box Score,,18997.0,
"Wed, Jan 3, 2018",7:30 pm,Detroit Pistons,104,Miami Heat,111,Box Score,,19600.0,
"Wed, Jan 3, 2018",8:00 pm,Indiana Pacers,101,Milwaukee Bucks,122,Box Score,,15613.0,
"Wed, Jan 3, 2018",7:00 pm,Houston Rockets,116,Orlando Magic,98,Box Score,,18588.0,
"Wed, Jan 3, 2018",7:00 pm,San Antonio Spurs,106,Philadelphia 76ers,112,Box Score,,20642.0,
"Wed, Jan 3, 2018",9:00 pm,New Orleans Pelicans,108,Utah Jazz,98,Box Score,,18306.0,
"Wed, Jan 3, 2018",7:00 pm,New York Knicks,103,Washington Wizards,121,Box Score,,17206.0,
"Thu, Jan 4, 2018",8:00 pm,Golden State Warriors,124,Houston Rockets,114,Box Score,,18055.0,
"Thu, Jan 4, 2018",10:30 pm,Oklahoma City Thunder,127,Los Angeles Clippers,117,Box Score,,19068.0,
"Fri, Jan 5, 2018",7:00 pm,Minnesota Timberwolves,84,Boston Celtics,91,Box Score,,18624.0,
"Fri, Jan 5, 2018",8:30 pm,Chicago Bulls,127,Dallas Mavericks,124,Box Score,,20073.0,
"Fri, Jan 5, 2018",9:00 pm,Utah Jazz,91,Denver Nuggets,99,Box Score,,15557.0,
"Fri, Jan 5, 2018",10:30 pm,Charlotte Hornets,108,Los Angeles Lakers,94,Box Score,,18997.0,
"Fri, Jan 5, 2018",9:30 pm,Washington Wizards,102,Memphis Grizzlies,100,Box Score,,16988.0,
"Fri, Jan 5, 2018",8:00 pm,New York Knicks,103,Miami Heat,107,Box Score,OT,19600.0,
"Fri, Jan 5, 2018",8:00 pm,Toronto Raptors,129,Milwaukee Bucks,110,Box Score,,18717.0,
"Fri, Jan 5, 2018",7:00 pm,Detroit Pistons,78,Philadelphia 76ers,114,Box Score,,20592.0,
"Fri, Jan 5, 2018",10:00 pm,Atlanta Hawks,89,Portland Trail Blazers,110,Box Score,,19393.0,
"Fri, Jan 5, 2018",8:30 pm,Phoenix Suns,89,San Antonio Spurs,103,Box Score,,18501.0,
"Sat, Jan 6, 2018",6:00 pm,Boston Celtics,87,Brooklyn Nets,85,Box Score,,17732.0,
"Sat, Jan 6, 2018",7:00 pm,Houston Rockets,101,Detroit Pistons,108,Box Score,,18046.0,
"Sat, Jan 6, 2018",7:00 pm,Chicago Bulls,86,Indiana Pacers,125,Box Score,,17923.0,
"Sat, Jan 6, 2018",3:30 pm,Golden State Warriors,121,Los Angeles Clippers,105,Box Score,,19068.0,
"Sat, Jan 6, 2018",9:00 pm,New Orleans Pelicans,98,Minnesota Timberwolves,116,Box Score,,18978.0,
"Sat, Jan 6, 2018",7:00 pm,Cleveland Cavaliers,131,Orlando Magic,127,Box Score,,18997.0,
"Sat, Jan 6, 2018",10:00 pm,Denver Nuggets,98,Sacramento Kings,106,Box Score,,17583.0,
"Sat, Jan 6, 2018",8:00 pm,Milwaukee Bucks,110,Washington Wizards,103,Box Score,,18762.0,
"Sun, Jan 7, 2018",7:00 pm,New York Knicks,100,Dallas Mavericks,96,Box Score,,20171.0,
"Sun, Jan 7, 2018",9:30 pm,Atlanta Hawks,113,Los Angeles Lakers,132,Box Score,,18997.0,
"Sun, Jan 7, 2018",3:30 pm,Utah Jazz,102,Miami Heat,103,Box Score,,19600.0,
"Sun, Jan 7, 2018",8:00 pm,Oklahoma City Thunder,100,Phoenix Suns,114,Box Score,,18055.0,
"Sun, Jan 7, 2018",9:00 pm,San Antonio Spurs,110,Portland Trail Blazers,111,Box Score,,19393.0,
"Mon, Jan 8, 2018",7:30 pm,Toronto Raptors,114,Brooklyn Nets,113,Box Score,OT,13681.0,
"Mon, Jan 8, 2018",8:00 pm,Houston Rockets,116,Chicago Bulls,107,Box Score,,17462.0,
"Mon, Jan 8, 2018",10:30 pm,Denver Nuggets,114,Golden State Warriors,124,Box Score,,19596.0,
"Mon, Jan 8, 2018",7:00 pm,Milwaukee Bucks,96,Indiana Pacers,109,Box Score,,14670.0,
"Mon, Jan 8, 2018",10:30 pm,Atlanta Hawks,107,Los Angeles Clippers,108,Box Score,,14624.0,
"Mon, Jan 8, 2018",8:00 pm,Cleveland Cavaliers,99,Minnesota Timberwolves,127,Box Score,,18978.0,
"Mon, Jan 8, 2018",8:00 pm,Detroit Pistons,109,New Orleans Pelicans,112,Box Score,,12874.0,
"Mon, Jan 8, 2018",10:00 pm,San Antonio Spurs,107,Sacramento Kings,100,Box Score,,17583.0,
"Tue, Jan 9, 2018",8:30 pm,Orlando Magic,99,Dallas Mavericks,114,Box Score,,19306.0,
"Tue, Jan 9, 2018",10:30 pm,Sacramento Kings,86,Los Angeles Lakers,99,Box Score,,18997.0,
"Tue, Jan 9, 2018",8:00 pm,Portland Trail Blazers,117,Oklahoma City Thunder,106,Box Score,,18203.0,
"Tue, Jan 9, 2018",7:30 pm,Miami Heat,90,Toronto Raptors,89,Box Score,,19800.0,
"Wed, Jan 10, 2018",7:30 pm,Detroit Pistons,114,Brooklyn Nets,80,Box Score,,13457.0,
"Wed, Jan 10, 2018",7:00 pm,Dallas Mavericks,115,Charlotte Hornets,111,Box Score,,14462.0,
"Wed, Jan 10, 2018",9:00 pm,Atlanta Hawks,110,Denver Nuggets,97,Box Score,,14182.0,
"Wed, Jan 10, 2018",10:30 pm,Los Angeles Clippers,125,Golden State Warriors,106,Box Score,,19596.0,
"Wed, Jan 10, 2018",8:00 pm,Portland Trail Blazers,112,Houston Rockets,121,Box Score,,18055.0,
"Wed, Jan 10, 2018",7:00 pm,Miami Heat,114,Indiana Pacers,106,Box Score,,14540.0,
"Wed, Jan 10, 2018",8:00 pm,New Orleans Pelicans,102,Memphis Grizzlies,105,Box Score,,14312.0,
"Wed, Jan 10, 2018",8:00 pm,Orlando Magic,103,Milwaukee Bucks,110,Box Score,,14543.0,
"Wed, Jan 10, 2018",8:00 pm,Oklahoma City Thunder,88,Minnesota Timberwolves,104,Box Score,,18978.0,
"Wed, Jan 10, 2018",7:30 pm,Chicago Bulls,122,New York Knicks,119,Box Score,2OT,19812.0,
"Wed, Jan 10, 2018",7:00 pm,Utah Jazz,107,Washington Wizards,104,Box Score,,15640.0,
"Thu, Jan 11, 2018",10:30 pm,San Antonio Spurs,81,Los Angeles Lakers,93,Box Score,,18997.0,
"Thu, Jan 11, 2018",3:00 pm,Boston Celtics,114,Philadelphia 76ers,103,Box Score,,19078.0,
"Thu, Jan 11, 2018",10:00 pm,Los Angeles Clippers,121,Sacramento Kings,115,Box Score,,17583.0,
"Thu, Jan 11, 2018",8:00 pm,Cleveland Cavaliers,99,Toronto Raptors,133,Box Score,,19923.0,
"Fri, Jan 12, 2018",7:30 pm,Brooklyn Nets,110,Atlanta Hawks,105,Box Score,,13093.0,
"Fri, Jan 12, 2018",7:00 pm,Utah Jazz,88,Charlotte Hornets,99,Box Score,,14848.0,
"Fri, Jan 12, 2018",9:00 pm,Memphis Grizzlies,78,Denver Nuggets,87,Box Score,,15607.0,
"Fri, Jan 12, 2018",7:00 pm,Cleveland Cavaliers,95,Indiana Pacers,97,Box Score,,17923.0,
"Fri, Jan 12, 2018",8:00 pm,Golden State Warriors,108,Milwaukee Bucks,94,Box Score,,18717.0,
"Fri, Jan 12, 2018",8:00 pm,New York Knicks,108,Minnesota Timberwolves,118,Box Score,,18978.0,
"Fri, Jan 12, 2018",8:00 pm,Portland Trail Blazers,113,New Orleans Pelicans,119,Box Score,,17003.0,
"Fri, Jan 12, 2018",10:30 pm,Houston Rockets,112,Phoenix Suns,95,Box Score,,18055.0,
"Fri, Jan 12, 2018",7:00 pm,Orlando Magic,119,Washington Wizards,125,Box Score,,18171.0,
"Sat, Jan 13, 2018",8:00 pm,Detroit Pistons,105,Chicago Bulls,107,Box Score,,21613.0,
"Sat, Jan 13, 2018",5:00 pm,Oklahoma City Thunder,101,Charlotte Hornets,91,Box Score,,19624.0,
"Sat, Jan 13, 2018",2:00 pm,Los Angeles Lakers,107,Dallas Mavericks,101,Box Score,OT,20209.0,
"Sat, Jan 13, 2018",3:30 pm,Sacramento Kings,105,Los Angeles Clippers,126,Box Score,,16656.0,
"Sat, Jan 13, 2018",8:30 pm,Denver Nuggets,80,San Antonio Spurs,112,Box Score,,18418.0,
"Sat, Jan 13, 2018",7:30 pm,Golden State Warriors,127,Toronto Raptors,125,Box Score,,20078.0,
"Sat, Jan 13, 2018",7:00 pm,Brooklyn Nets,113,Washington Wizards,119,Box Score,OT,18354.0,
"Sun, Jan 14, 2018",1:00 pm,Milwaukee Bucks,79,Miami Heat,97,Box Score,,19600.0,
"Sun, Jan 14, 2018",9:00 pm,Portland Trail Blazers,103,Minnesota Timberwolves,120,Box Score,,14739.0,
"Sun, Jan 14, 2018",3:30 pm,New Orleans Pelicans,123,New York Knicks,118,Box Score,OT,19812.0,
"Sun, Jan 14, 2018",8:00 pm,Indiana Pacers,120,Phoenix Suns,97,Box Score,,17091.0,
"Mon, Jan 15, 2018",3:00 pm,San Antonio Spurs,99,Atlanta Hawks,102,Box Score,,15806.0,
"Mon, Jan 15, 2018",3:00 pm,New York Knicks,119,Brooklyn Nets,104,Box Score,,17732.0,
"Mon, Jan 15, 2018",3:30 pm,Miami Heat,111,Chicago Bulls,119,Box Score,,20546.0,
"Mon, Jan 15, 2018",8:00 pm,Golden State Warriors,118,Cleveland Cavaliers,108,Box Score,,20562.0,
"Mon, Jan 15, 2018",12:30 pm,Charlotte Hornets,118,Detroit Pistons,107,Box Score,,17200.0,
"Mon, Jan 15, 2018",10:30 pm,Houston Rockets,102,Los Angeles Clippers,113,Box Score,,17622.0,
"Mon, Jan 15, 2018",5:30 pm,Los Angeles Lakers,114,Memphis Grizzlies,123,Box Score,,17794.0,
"Mon, Jan 15, 2018",8:00 pm,Sacramento Kings,88,Oklahoma City Thunder,95,Box Score,,18203.0,
"Mon, Jan 15, 2018",1:00 pm,Toronto Raptors,111,Philadelphia 76ers,117,Box Score,,20637.0,
"Mon, Jan 15, 2018",9:00 pm,Indiana Pacers,109,Utah Jazz,94,Box Score,,18306.0,
"Mon, Jan 15, 2018",2:00 pm,Milwaukee Bucks,104,Washington Wizards,95,Box Score,,19607.0,
"Tue, Jan 16, 2018",7:30 pm,New Orleans Pelicans,116,Boston Celtics,113,Box Score,OT,18624.0,
"Tue, Jan 16, 2018",9:00 pm,Dallas Mavericks,102,Denver Nuggets,105,Box Score,,14097.0,
"Tue, Jan 16, 2018",7:00 pm,Minnesota Timberwolves,102,Orlando Magic,108,Box Score,,18589.0,
"Tue, Jan 16, 2018",10:00 pm,Phoenix Suns,111,Portland Trail Blazers,118,Box Score,,18604.0,
"Wed, Jan 17, 2018",7:30 pm,New Orleans Pelicans,93,Atlanta Hawks,94,Box Score,,10894.0,
"Wed, Jan 17, 2018",7:30 pm,San Antonio Spurs,100,Brooklyn Nets,95,Box Score,,15425.0,
"Wed, Jan 17, 2018",8:00 pm,Golden State Warriors,119,Chicago Bulls,112,Box Score,,21372.0,
"Wed, Jan 17, 2018",7:00 pm,Washington Wizards,109,Charlotte Hornets,133,Box Score,,11528.0,
"Wed, Jan 17, 2018",10:30 pm,Denver Nuggets,104,Los Angeles Clippers,109,Box Score,,15043.0,
"Wed, Jan 17, 2018",8:00 pm,New York Knicks,99,Memphis Grizzlies,105,Box Score,,12885.0,
"Wed, Jan 17, 2018",8:00 pm,Miami Heat,106,Milwaukee Bucks,101,Box Score,,16695.0,
"Wed, Jan 17, 2018",8:00 pm,Los Angeles Lakers,90,Oklahoma City Thunder,114,Box Score,,18203.0,
"Wed, Jan 17, 2018",10:00 pm,Utah Jazz,120,Sacramento Kings,105,Box Score,,17583.0,
"Wed, Jan 17, 2018",7:30 pm,Detroit Pistons,91,Toronto Raptors,96,Box Score,,19800.0,
"Thu, Jan 18, 2018",7:00 pm,Philadelphia 76ers,89,Boston Celtics,80,Box Score,,18624.0,
"Thu, Jan 18, 2018",7:00 pm,Orlando Magic,103,Cleveland Cavaliers,104,Box Score,,20562.0,
"Thu, Jan 18, 2018",9:30 pm,Minnesota Timberwolves,98,Houston Rockets,116,Box Score,,18055.0,
"Thu, Jan 18, 2018",10:00 pm,Indiana Pacers,86,Portland Trail Blazers,100,Box Score,,19071.0,
"Fri, Jan 19, 2018",7:30 pm,Miami Heat,95,Brooklyn Nets,101,Box Score,,17732.0,
"Fri, Jan 19, 2018",9:00 pm,Phoenix Suns,108,Denver Nuggets,100,Box Score,,15732.0,
"Fri, Jan 19, 2018",8:00 pm,Washington Wizards,122,Detroit Pistons,112,Box Score,,14744.0,
"Fri, Jan 19, 2018",10:30 pm,Indiana Pacers,86,Los Angeles Lakers,99,Box Score,,18997.0,
"Fri, Jan 19, 2018",8:00 pm,Sacramento Kings,88,Memphis Grizzlies,106,Box Score,,16831.0,
"Fri, Jan 19, 2018",7:00 pm,San Antonio Spurs,83,Toronto Raptors,86,Box Score,,19800.0,
"Fri, Jan 19, 2018",10:30 pm,New York Knicks,117,Utah Jazz,115,Box Score,,18306.0,
"Sat, Jan 20, 2018",5:00 pm,Chicago Bulls,113,Atlanta Hawks,97,Box Score,,15597.0,
"Sat, Jan 20, 2018",7:00 pm,Miami Heat,106,Charlotte Hornets,105,Box Score,,18687.0,
"Sat, Jan 20, 2018",3:30 pm,Oklahoma City Thunder,148,Cleveland Cavaliers,124,Box Score,,20562.0,
"Sat, Jan 20, 2018",8:30 pm,Golden State Warriors,108,Houston Rockets,116,Box Score,,18055.0,
"Sat, Jan 20, 2018",9:00 pm,Toronto Raptors,109,Minnesota Timberwolves,115,Box Score,,17828.0,
"Sat, Jan 20, 2018",7:00 pm,Memphis Grizzlies,104,New Orleans Pelicans,111,Box Score,,18212.0,
"Sat, Jan 20, 2018",7:30 pm,Milwaukee Bucks,94,Philadelphia 76ers,116,Box Score,,20826.0,
"Sat, Jan 20, 2018",10:00 pm,Dallas Mavericks,108,Portland Trail Blazers,117,Box Score,,19464.0,
"Sat, Jan 20, 2018",9:00 pm,Los Angeles Clippers,113,Utah Jazz,125,Box Score,,18306.0,
"Sun, Jan 21, 2018",1:00 pm,Orlando Magic,103,Boston Celtics,95,Box Score,,18624.0,
"Sun, Jan 21, 2018",4:00 pm,Brooklyn Nets,101,Detroit Pistons,100,Box Score,,17554.0,
"Sun, Jan 21, 2018",3:30 pm,New York Knicks,107,Los Angeles Lakers,127,Box Score,,18997.0,
"Sun, Jan 21, 2018",7:00 pm,Indiana Pacers,94,San Antonio Spurs,86,Box Score,,18418.0,
"Mon, Jan 22, 2018",7:30 pm,Utah Jazz,90,Atlanta Hawks,104,Box Score,,11096.0,
"Mon, Jan 22, 2018",7:00 pm,Sacramento Kings,107,Charlotte Hornets,112,Box Score,,11806.0,
"Mon, Jan 22, 2018",8:30 pm,Washington Wizards,75,Dallas Mavericks,98,Box Score,,19328.0,
"Mon, Jan 22, 2018",9:00 pm,Portland Trail Blazers,101,Denver Nuggets,104,Box Score,,14474.0,
"Mon, Jan 22, 2018",8:00 pm,Miami Heat,90,Houston Rockets,99,Box Score,,18055.0,
"Mon, Jan 22, 2018",10:30 pm,Minnesota Timberwolves,126,Los Angeles Clippers,118,Box Score,,16347.0,
"Mon, Jan 22, 2018",8:00 pm,Philadelphia 76ers,101,Memphis Grizzlies,105,Box Score,,14288.0,
"Mon, Jan 22, 2018",8:00 pm,Phoenix Suns,105,Milwaukee Bucks,109,Box Score,,14766.0,
"Mon, Jan 22, 2018",8:00 pm,Chicago Bulls,128,New Orleans Pelicans,132,Box Score,2OT,17101.0,
"Tue, Jan 23, 2018",10:30 pm,New York Knicks,112,Golden State Warriors,123,Box Score,,19596.0,
"Tue, Jan 23, 2018",10:30 pm,Boston Celtics,107,Los Angeles Lakers,108,Box Score,,18997.0,
"Tue, Jan 23, 2018",8:00 pm,Brooklyn Nets,108,Oklahoma City Thunder,109,Box Score,,18203.0,
"Tue, Jan 23, 2018",7:00 pm,Sacramento Kings,105,Orlando Magic,99,Box Score,,18846.0,
"Tue, Jan 23, 2018",8:00 pm,Cleveland Cavaliers,102,San Antonio Spurs,114,Box Score,,18418.0,
"Wed, Jan 24, 2018",7:30 pm,Toronto Raptors,108,Atlanta Hawks,93,Box Score,,12780.0,
"Wed, Jan 24, 2018",7:00 pm,New Orleans Pelicans,101,Charlotte Hornets,96,Box Score,,14588.0,
"Wed, Jan 24, 2018",8:00 pm,Houston Rockets,104,Dallas Mavericks,97,Box Score,,19378.0,
"Wed, Jan 24, 2018",7:00 pm,Utah Jazz,98,Detroit Pistons,95,Box Score,OT,15682.0,
"Wed, Jan 24, 2018",7:00 pm,Phoenix Suns,101,Indiana Pacers,116,Box Score,,14060.0,
"Wed, Jan 24, 2018",10:30 pm,Boston Celtics,113,Los Angeles Clippers,102,Box Score,,19430.0,
"Wed, Jan 24, 2018",8:00 pm,San Antonio Spurs,108,Memphis Grizzlies,85,Box Score,,15812.0,
"Wed, Jan 24, 2018",7:00 pm,Chicago Bulls,101,Philadelphia 76ers,115,Box Score,,20547.0,
"Wed, Jan 24, 2018",10:00 pm,Minnesota Timberwolves,114,Portland Trail Blazers,123,Box Score,,18920.0,
"Thu, Jan 25, 2018",9:00 pm,New York Knicks,118,Denver Nuggets,130,Box Score,,15482.0,
"Thu, Jan 25, 2018",10:30 pm,Minnesota Timberwolves,113,Golden State Warriors,126,Box Score,,19596.0,
"Thu, Jan 25, 2018",7:30 pm,Sacramento Kings,89,Miami Heat,88,Box Score,,19600.0,
"Thu, Jan 25, 2018",8:00 pm,Washington Wizards,112,Oklahoma City Thunder,121,Box Score,,,
"Fri, Jan 26, 2018",8:00 pm,Los Angeles Lakers,108,Chicago Bulls,103,Box Score,,21827.0,
"Fri, Jan 26, 2018",7:00 pm,Atlanta Hawks,110,Charlotte Hornets,121,Box Score,,15479.0,
"Fri, Jan 26, 2018",7:30 pm,Indiana Pacers,108,Cleveland Cavaliers,115,Box Score,,20562.0,
"Fri, Jan 26, 2018",8:30 pm,Portland Trail Blazers,107,Dallas Mavericks,93,Box Score,,19876.0,
"Fri, Jan 26, 2018",8:00 pm,Los Angeles Clippers,109,Memphis Grizzlies,100,Box Score,,16369.0,
"Fri, Jan 26, 2018",8:00 pm,Brooklyn Nets,91,Milwaukee Bucks,116,Box Score,,18717.0,
"Fri, Jan 26, 2018",8:00 pm,Houston Rockets,113,New Orleans Pelicans,115,Box Score,,17186.0,
"Fri, Jan 26, 2018",9:00 pm,New York Knicks,107,Phoenix Suns,85,Box Score,,17068.0,
"Fri, Jan 26, 2018",8:30 pm,Philadelphia 76ers,97,San Antonio Spurs,78,Box Score,,18418.0,
"Fri, Jan 26, 2018",7:30 pm,Utah Jazz,97,Toronto Raptors,93,Box Score,,19800.0,
"Sat, Jan 27, 2018",7:30 pm,Washington Wizards,129,Atlanta Hawks,104,Box Score,,15843.0,
"Sat, Jan 27, 2018",9:00 pm,Dallas Mavericks,89,Denver Nuggets,91,Box Score,,19520.0,
"Sat, Jan 27, 2018",5:00 pm,Oklahoma City Thunder,121,Detroit Pistons,108,Box Score,,20491.0,
"Sat, Jan 27, 2018",8:30 pm,Boston Celtics,105,Golden State Warriors,109,Box Score,,19596.0,
"Sat, Jan 27, 2018",7:00 pm,Orlando Magic,112,Indiana Pacers,114,Box Score,,17923.0,
"Sat, Jan 27, 2018",7:30 pm,Charlotte Hornets,91,Miami Heat,95,Box Score,,19600.0,
"Sat, Jan 27, 2018",9:00 pm,Brooklyn Nets,97,Minnesota Timberwolves,111,Box Score,,16231.0,
"Sun, Jan 28, 2018",3:30 pm,Milwaukee Bucks,110,Chicago Bulls,96,Box Score,,21630.0,
"Sun, Jan 28, 2018",6:00 pm,Detroit Pistons,104,Cleveland Cavaliers,121,Box Score,,20562.0,
"Sun, Jan 28, 2018",3:30 pm,Phoenix Suns,102,Houston Rockets,113,Box Score,,18055.0,
"Sun, Jan 28, 2018",4:00 pm,Los Angeles Clippers,112,New Orleans Pelicans,103,Box Score,,16378.0,
"Sun, Jan 28, 2018",6:00 pm,Philadelphia 76ers,112,Oklahoma City Thunder,122,Box Score,,18202.0,
"Sun, Jan 28, 2018",7:00 pm,Sacramento Kings,98,San Antonio Spurs,113,Box Score,,18418.0,
"Sun, Jan 28, 2018",6:00 pm,Los Angeles Lakers,111,Toronto Raptors,123,Box Score,,19800.0,
"Mon, Jan 29, 2018",7:30 pm,Minnesota Timberwolves,100,Atlanta Hawks,105,Box Score,,12589.0,
"Mon, Jan 29, 2018",8:30 pm,Miami Heat,95,Dallas Mavericks,88,Box Score,,19555.0,
"Mon, Jan 29, 2018",9:00 pm,Boston Celtics,111,Denver Nuggets,110,Box Score,,19520.0,
"Mon, Jan 29, 2018",7:00 pm,Charlotte Hornets,96,Indiana Pacers,105,Box Score,,14225.0,
"Mon, Jan 29, 2018",8:00 pm,Phoenix Suns,109,Memphis Grizzlies,120,Box Score,,13202.0,
"Mon, Jan 29, 2018",8:00 pm,Philadelphia 76ers,95,Milwaukee Bucks,107,Box Score,,14126.0,
"Tue, Jan 30, 2018",8:00 pm,Cleveland Cavaliers,114,Detroit Pistons,125,Box Score,,18508.0,
"Tue, Jan 30, 2018",8:00 pm,Orlando Magic,107,Houston Rockets,114,Box Score,,18055.0,
"Tue, Jan 30, 2018",10:30 pm,Portland Trail Blazers,104,Los Angeles Clippers,96,Box Score,,16705.0,
"Tue, Jan 30, 2018",8:00 pm,Sacramento Kings,114,New Orleans Pelicans,103,Box Score,,14292.0,
"Tue, Jan 30, 2018",7:30 pm,Brooklyn Nets,95,New York Knicks,111,Box Score,,19505.0,
"Tue, Jan 30, 2018",8:30 pm,Denver Nuggets,104,San Antonio Spurs,106,Box Score,,18418.0,
"Tue, Jan 30, 2018",7:30 pm,Minnesota Timberwolves,104,Toronto Raptors,109,Box Score,,19800.0,
"Tue, Jan 30, 2018",9:00 pm,Golden State Warriors,99,Utah Jazz,129,Box Score,,18306.0,
"Tue, Jan 30, 2018",7:00 pm,Oklahoma City Thunder,96,Washington Wizards,102,Box Score,,20356.0,
"Wed, Jan 31, 2018",7:30 pm,Charlotte Hornets,123,Atlanta Hawks,110,Box Score,,13103.0,
"Wed, Jan 31, 2018",8:00 pm,New York Knicks,73,Boston Celtics,103,Box Score,,18624.0,
"Wed, Jan 31, 2018",7:30 pm,Philadelphia 76ers,108,Brooklyn Nets,116,Box Score,,15577.0,
"Wed, Jan 31, 2018",7:30 pm,Miami Heat,89,Cleveland Cavaliers,91,Box Score,,20562.0,
"Wed, Jan 31, 2018",7:00 pm,Memphis Grizzlies,101,Indiana Pacers,105,Box Score,,15093.0,
"Wed, Jan 31, 2018",7:00 pm,Los Angeles Lakers,105,Orlando Magic,127,Box Score,,18553.0,
"Wed, Jan 31, 2018",10:30 pm,Dallas Mavericks,88,Phoenix Suns,102,Box Score,,15923.0,
"Wed, Jan 31, 2018",10:00 pm,Chicago Bulls,108,Portland Trail Blazers,124,Box Score,,19422.0,
"Thu, Feb 1, 2018",10:30 pm,Oklahoma City Thunder,124,Denver Nuggets,127,Box Score,,18407.0,
"Thu, Feb 1, 2018",7:00 pm,Memphis Grizzlies,102,Detroit Pistons,104,Box Score,,17481.0,
"Thu, Feb 1, 2018",8:00 pm,Milwaukee Bucks,89,Minnesota Timberwolves,108,Box Score,,17199.0,
"Thu, Feb 1, 2018",8:00 pm,Houston Rockets,102,San Antonio Spurs,91,Box Score,,18418.0,
"Thu, Feb 1, 2018",7:00 pm,Toronto Raptors,119,Washington Wizards,122,Box Score,,15599.0,
"Fri, Feb 2, 2018",7:30 pm,Atlanta Hawks,110,Boston Celtics,119,Box Score,,18624.0,
"Fri, Feb 2, 2018",7:30 pm,Los Angeles Lakers,102,Brooklyn Nets,99,Box Score,,17732.0,
"Fri, Feb 2, 2018",7:00 pm,Indiana Pacers,126,Charlotte Hornets,133,Box Score,,17135.0,
"Fri, Feb 2, 2018",8:00 pm,New York Knicks,90,Milwaukee Bucks,92,Box Score,,18717.0,
"Fri, Feb 2, 2018",9:00 pm,New Orleans Pelicans,114,Oklahoma City Thunder,100,Box Score,,18203.0,
"Fri, Feb 2, 2018",8:00 pm,Miami Heat,97,Philadelphia 76ers,103,Box Score,,20636.0,
"Fri, Feb 2, 2018",9:00 pm,Utah Jazz,129,Phoenix Suns,97,Box Score,,16560.0,
"Fri, Feb 2, 2018",10:30 pm,Golden State Warriors,119,Sacramento Kings,104,Box Score,,17583.0,
"Fri, Feb 2, 2018",7:30 pm,Portland Trail Blazers,105,Toronto Raptors,130,Box Score,,19800.0,
"Sat, Feb 3, 2018",8:30 pm,Houston Rockets,120,Cleveland Cavaliers,88,Box Score,,20562.0,
"Sat, Feb 3, 2018",9:00 pm,Golden State Warriors,108,Denver Nuggets,115,Box Score,,20103.0,
"Sat, Feb 3, 2018",7:00 pm,Miami Heat,107,Detroit Pistons,111,Box Score,,18747.0,
"Sat, Feb 3, 2018",7:00 pm,Philadelphia 76ers,92,Indiana Pacers,100,Box Score,,17923.0,
"Sat, Feb 3, 2018",3:30 pm,Chicago Bulls,103,Los Angeles Clippers,113,Box Score,,19068.0,
"Sat, Feb 3, 2018",9:00 pm,New Orleans Pelicans,107,Minnesota Timberwolves,118,Box Score,,17954.0,
"Sat, Feb 3, 2018",7:00 pm,Washington Wizards,115,Orlando Magic,98,Box Score,,18846.0,
"Sat, Feb 3, 2018",10:00 pm,Dallas Mavericks,106,Sacramento Kings,99,Box Score,,17583.0,
"Sat, Feb 3, 2018",9:00 pm,Utah Jazz,120,San Antonio Spurs,111,Box Score,,18418.0,
"Sun, Feb 4, 2018",12:00 pm,Portland Trail Blazers,96,Boston Celtics,97,Box Score,,18624.0,
"Sun, Feb 4, 2018",12:00 pm,Milwaukee Bucks,109,Brooklyn Nets,94,Box Score,,14392.0,
"Sun, Feb 4, 2018",12:00 pm,Atlanta Hawks,99,New York Knicks,96,Box Score,,19441.0,
"Sun, Feb 4, 2018",2:00 pm,Los Angeles Lakers,108,Oklahoma City Thunder,104,Box Score,,18203.0,
"Sun, Feb 4, 2018",3:00 pm,Charlotte Hornets,115,Phoenix Suns,110,Box Score,,14487.0,
"Sun, Feb 4, 2018",12:00 pm,Memphis Grizzlies,86,Toronto Raptors,101,Box Score,,19800.0,
"Mon, Feb 5, 2018",9:00 pm,Charlotte Hornets,104,Denver Nuggets,121,Box Score,,14410.0,
"Mon, Feb 5, 2018",7:00 pm,Portland Trail Blazers,91,Detroit Pistons,111,Box Score,,13810.0,
"Mon, Feb 5, 2018",7:00 pm,Washington Wizards,111,Indiana Pacers,102,Box Score,,13169.0,
"Mon, Feb 5, 2018",10:30 pm,Dallas Mavericks,101,Los Angeles Clippers,104,Box Score,,15127.0,
"Mon, Feb 5, 2018",7:30 pm,Orlando Magic,111,Miami Heat,109,Box Score,,19600.0,
"Mon, Feb 5, 2018",8:00 pm,Utah Jazz,133,New Orleans Pelicans,109,Box Score,,14293.0,
"Mon, Feb 5, 2018",10:00 pm,Chicago Bulls,98,Sacramento Kings,104,Box Score,,17583.0,
"Tue, Feb 6, 2018",7:30 pm,Memphis Grizzlies,82,Atlanta Hawks,108,Box Score,,11866.0,
"Tue, Feb 6, 2018",7:30 pm,Houston Rockets,123,Brooklyn Nets,113,Box Score,,15064.0,
"Tue, Feb 6, 2018",10:30 pm,Oklahoma City Thunder,125,Golden State Warriors,105,Box Score,,19596.0,
"Tue, Feb 6, 2018",10:30 pm,Phoenix Suns,93,Los Angeles Lakers,112,Box Score,,18997.0,
"Tue, Feb 6, 2018",7:30 pm,Milwaukee Bucks,103,New York Knicks,89,Box Score,,19812.0,
"Tue, Feb 6, 2018",7:00 pm,Cleveland Cavaliers,98,Orlando Magic,116,Box Score,,18846.0,
"Tue, Feb 6, 2018",8:00 pm,Washington Wizards,102,Philadelphia 76ers,115,Box Score,,20530.0,
"Tue, Feb 6, 2018",7:30 pm,Boston Celtics,91,Toronto Raptors,111,Box Score,,20017.0,
"Wed, Feb 7, 2018",8:00 pm,Minnesota Timberwolves,138,Cleveland Cavaliers,140,Box Score,OT,20562.0,
"Wed, Feb 7, 2018",7:00 pm,Brooklyn Nets,106,Detroit Pistons,115,Box Score,,15114.0,
"Wed, Feb 7, 2018",8:00 pm,Utah Jazz,92,Memphis Grizzlies,88,Box Score,,13187.0,
"Wed, Feb 7, 2018",7:30 pm,Houston Rockets,109,Miami Heat,101,Box Score,,19600.0,
"Wed, Feb 7, 2018",10:30 pm,San Antonio Spurs,129,Phoenix Suns,81,Box Score,,15993.0,
"Thu, Feb 8, 2018",10:30 pm,Dallas Mavericks,103,Golden State Warriors,121,Box Score,,19596.0,
"Thu, Feb 8, 2018",10:30 pm,Oklahoma City Thunder,81,Los Angeles Lakers,106,Box Score,,18997.0,
"Thu, Feb 8, 2018",7:00 pm,Atlanta Hawks,98,Orlando Magic,100,Box Score,,16215.0,
"Thu, Feb 8, 2018",10:00 pm,Charlotte Hornets,103,Portland Trail Blazers,109,Box Score,OT,19178.0,
"Thu, Feb 8, 2018",7:30 pm,New York Knicks,88,Toronto Raptors,113,Box Score,,19800.0,
"Thu, Feb 8, 2018",8:00 pm,Boston Celtics,110,Washington Wizards,104,Box Score,OT,20356.0,
"Fri, Feb 9, 2018",7:30 pm,Cleveland Cavaliers,123,Atlanta Hawks,107,Box Score,,16438.0,
"Fri, Feb 9, 2018",7:30 pm,Indiana Pacers,97,Boston Celtics,91,Box Score,,18624.0,
"Fri, Feb 9, 2018",9:30 pm,Minnesota Timberwolves,113,Chicago Bulls,114,Box Score,,21558.0,
"Fri, Feb 9, 2018",7:00 pm,Los Angeles Clippers,108,Detroit Pistons,95,Box Score,,16697.0,
"Fri, Feb 9, 2018",8:00 pm,Denver Nuggets,104,Houston Rockets,130,Box Score,,18055.0,
"Fri, Feb 9, 2018",8:00 pm,Milwaukee Bucks,85,Miami Heat,91,Box Score,,20018.0,
"Fri, Feb 9, 2018",7:00 pm,New Orleans Pelicans,82,Philadelphia 76ers,100,Box Score,,20489.0,
"Fri, Feb 9, 2018",10:30 pm,Portland Trail Blazers,118,Sacramento Kings,100,Box Score,,17583.0,
"Fri, Feb 9, 2018",9:00 pm,Charlotte Hornets,94,Utah Jazz,106,Box Score,,18306.0,
"Sat, Feb 10, 2018",6:00 pm,New Orleans Pelicans,138,Brooklyn Nets,128,Box Score,2OT,16572.0,
"Sat, Feb 10, 2018",8:00 pm,Washington Wizards,101,Chicago Bulls,90,Box Score,,21112.0,
"Sat, Feb 10, 2018",8:30 pm,Los Angeles Lakers,123,Dallas Mavericks,130,Box Score,,20162.0,
"Sat, Feb 10, 2018",8:30 pm,San Antonio Spurs,105,Golden State Warriors,122,Box Score,,19596.0,
"Sat, Feb 10, 2018",7:00 pm,Milwaukee Bucks,111,Orlando Magic,104,Box Score,,18347.0,
"Sat, Feb 10, 2018",7:00 pm,Los Angeles Clippers,98,Philadelphia 76ers,112,Box Score,,20504.0,
"Sat, Feb 10, 2018",9:00 pm,Denver Nuggets,123,Phoenix Suns,113,Box Score,,16325.0,
"Sun, Feb 11, 2018",3:30 pm,Detroit Pistons,115,Atlanta Hawks,118,Box Score,,15214.0,
"Sun, Feb 11, 2018",3:30 pm,Cleveland Cavaliers,121,Boston Celtics,99,Box Score,,,
"Sun, Feb 11, 2018",1:00 pm,Toronto Raptors,123,Charlotte Hornets,103,Box Score,,18320.0,
"Sun, Feb 11, 2018",7:00 pm,Dallas Mavericks,97,Houston Rockets,104,Box Score,,18055.0,
"Sun, Feb 11, 2018",5:00 pm,New York Knicks,113,Indiana Pacers,121,Box Score,,17923.0,
"Sun, Feb 11, 2018",7:00 pm,Sacramento Kings,106,Minnesota Timberwolves,111,Box Score,,18068.0,
"Sun, Feb 11, 2018",7:00 pm,Memphis Grizzlies,92,Oklahoma City Thunder,110,Box Score,,18203.0,
"Sun, Feb 11, 2018",9:00 pm,Utah Jazz,115,Portland Trail Blazers,96,Box Score,,19730.0,
"Mon, Feb 12, 2018",7:30 pm,Los Angeles Clippers,114,Brooklyn Nets,101,Box Score,,13735.0,
"Mon, Feb 12, 2018",8:00 pm,Orlando Magic,101,Chicago Bulls,105,Box Score,,18611.0,
"Mon, Feb 12, 2018",7:00 pm,New Orleans Pelicans,118,Detroit Pistons,103,Box Score,,14453.0,
"Mon, Feb 12, 2018",10:30 pm,Phoenix Suns,83,Golden State Warriors,129,Box Score,,19596.0,
"Mon, Feb 12, 2018",7:00 pm,New York Knicks,92,Philadelphia 76ers,108,Box Score,,20589.0,
"Mon, Feb 12, 2018",9:00 pm,San Antonio Spurs,99,Utah Jazz,101,Box Score,,18306.0,
"Tue, Feb 13, 2018",8:30 pm,Sacramento Kings,114,Dallas Mavericks,109,Box Score,,19801.0,
"Tue, Feb 13, 2018",10:30 pm,San Antonio Spurs,109,Denver Nuggets,117,Box Score,,17623.0,
"Tue, Feb 13, 2018",8:00 pm,Atlanta Hawks,92,Milwaukee Bucks,97,Box Score,,14720.0,
"Tue, Feb 13, 2018",8:00 pm,Houston Rockets,126,Minnesota Timberwolves,108,Box Score,,18978.0,
"Tue, Feb 13, 2018",8:00 pm,Cleveland Cavaliers,120,Oklahoma City Thunder,112,Box Score,,18203.0,
"Tue, Feb 13, 2018",7:00 pm,Miami Heat,112,Toronto Raptors,115,Box Score,,19800.0,
"Wed, Feb 14, 2018",8:00 pm,Los Angeles Clippers,129,Boston Celtics,119,Box Score,,18624.0,
"Wed, Feb 14, 2018",7:30 pm,Indiana Pacers,108,Brooklyn Nets,103,Box Score,,13159.0,
"Wed, Feb 14, 2018",8:00 pm,Toronto Raptors,122,Chicago Bulls,98,Box Score,,21006.0,
"Wed, Feb 14, 2018",7:00 pm,Atlanta Hawks,98,Detroit Pistons,104,Box Score,,15849.0,
"Wed, Feb 14, 2018",8:00 pm,Sacramento Kings,91,Houston Rockets,100,Box Score,,18055.0,
"Wed, Feb 14, 2018",8:00 pm,Oklahoma City Thunder,121,Memphis Grizzlies,114,Box Score,,16012.0,
"Wed, Feb 14, 2018",8:00 pm,Los Angeles Lakers,117,New Orleans Pelicans,139,Box Score,,15436.0,
"Wed, Feb 14, 2018",7:30 pm,Washington Wizards,118,New York Knicks,113,Box Score,,19812.0,
"Wed, Feb 14, 2018",7:00 pm,Charlotte Hornets,104,Orlando Magic,102,Box Score,,18428.0,
"Wed, Feb 14, 2018",7:00 pm,Miami Heat,102,Philadelphia 76ers,104,Box Score,,20492.0,
"Wed, Feb 14, 2018",10:30 pm,Golden State Warriors,117,Portland Trail Blazers,123,Box Score,,19520.0,
"Wed, Feb 14, 2018",9:00 pm,Phoenix Suns,97,Utah Jazz,107,Box Score,,18306.0,
"Thu, Feb 15, 2018",8:00 pm,Denver Nuggets,134,Milwaukee Bucks,123,Box Score,,15486.0,
"Thu, Feb 15, 2018",9:00 pm,Los Angeles Lakers,111,Minnesota Timberwolves,119,Box Score,,17534.0,
"Thu, Feb 22, 2018",8:00 pm,Philadelphia 76ers,116,Chicago Bulls,115,Box Score,,21312.0,
"Thu, Feb 22, 2018",7:00 pm,Brooklyn Nets,96,Charlotte Hornets,111,Box Score,,14112.0,
"Thu, Feb 22, 2018",8:00 pm,Washington Wizards,110,Cleveland Cavaliers,103,Box Score,,20562.0,
"Thu, Feb 22, 2018",10:30 pm,Los Angeles Clippers,127,Golden State Warriors,134,Box Score,,19596.0,
"Thu, Feb 22, 2018",7:00 pm,New York Knicks,120,Orlando Magic,113,Box Score,,18846.0,
"Thu, Feb 22, 2018",10:00 pm,Oklahoma City Thunder,110,Sacramento Kings,107,Box Score,,,
"Fri, Feb 23, 2018",9:00 pm,San Antonio Spurs,119,Denver Nuggets,122,Box Score,,20027.0,
"Fri, Feb 23, 2018",7:00 pm,Boston Celtics,110,Detroit Pistons,98,Box Score,,20491.0,
"Fri, Feb 23, 2018",8:00 pm,Minnesota Timberwolves,102,Houston Rockets,120,Box Score,,18055.0,
"Fri, Feb 23, 2018",7:00 pm,Atlanta Hawks,93,Indiana Pacers,116,Box Score,,17923.0,
"Fri, Feb 23, 2018",10:30 pm,Dallas Mavericks,102,Los Angeles Lakers,124,Box Score,,18997.0,
"Fri, Feb 23, 2018",8:00 pm,Cleveland Cavaliers,112,Memphis Grizzlies,89,Box Score,,18119.0,
"Fri, Feb 23, 2018",8:00 pm,Miami Heat,123,New Orleans Pelicans,124,Box Score,OT,17751.0,
"Fri, Feb 23, 2018",9:00 pm,Los Angeles Clippers,128,Phoenix Suns,117,Box Score,,17126.0,
"Fri, Feb 23, 2018",7:30 pm,Milwaukee Bucks,122,Toronto Raptors,119,Box Score,OT,20047.0,
"Fri, Feb 23, 2018",9:00 pm,Portland Trail Blazers,100,Utah Jazz,81,Box Score,,18306.0,
"Fri, Feb 23, 2018",7:00 pm,Charlotte Hornets,122,Washington Wizards,105,Box Score,,17824.0,
"Sat, Feb 24, 2018",8:30 pm,Oklahoma City Thunder,80,Golden State Warriors,112,Box Score,,19596.0,
"Sat, Feb 24, 2018",7:30 pm,Memphis Grizzlies,89,Miami Heat,115,Box Score,,19600.0,
"Sat, Feb 24, 2018",9:00 pm,Chicago Bulls,104,Minnesota Timberwolves,122,Box Score,,18978.0,
"Sat, Feb 24, 2018",7:30 pm,Boston Celtics,121,New York Knicks,112,Box Score,,19812.0,
"Sat, Feb 24, 2018",5:00 pm,Orlando Magic,105,Philadelphia 76ers,116,Box Score,,20594.0,
"Sat, Feb 24, 2018",9:00 pm,Portland Trail Blazers,106,Phoenix Suns,104,Box Score,,17112.0,
"Sat, Feb 24, 2018",10:00 pm,Los Angeles Lakers,113,Sacramento Kings,108,Box Score,,17583.0,
"Sat, Feb 24, 2018",9:00 pm,Dallas Mavericks,90,Utah Jazz,97,Box Score,,18306.0,
"Sun, Feb 25, 2018",1:00 pm,Detroit Pistons,98,Charlotte Hornets,114,Box Score,,17894.0,
"Sun, Feb 25, 2018",3:30 pm,San Antonio Spurs,110,Cleveland Cavaliers,94,Box Score,,20562.0,
"Sun, Feb 25, 2018",8:00 pm,Houston Rockets,119,Denver Nuggets,114,Box Score,,20044.0,
"Sun, Feb 25, 2018",3:00 pm,New Orleans Pelicans,123,Milwaukee Bucks,121,Box Score,OT,18717.0,
"Sun, Feb 25, 2018",8:00 pm,Philadelphia 76ers,94,Washington Wizards,109,Box Score,,17180.0,
"Mon, Feb 26, 2018",7:30 pm,Los Angeles Lakers,123,Atlanta Hawks,104,Box Score,,16328.0,
"Mon, Feb 26, 2018",7:30 pm,Memphis Grizzlies,98,Boston Celtics,109,Box Score,,18624.0,
"Mon, Feb 26, 2018",7:30 pm,Chicago Bulls,87,Brooklyn Nets,104,Box Score,,15081.0,
"Mon, Feb 26, 2018",8:30 pm,Indiana Pacers,103,Dallas Mavericks,109,Box Score,,19536.0,
"Mon, Feb 26, 2018",8:00 pm,Phoenix Suns,116,New Orleans Pelicans,125,Box Score,,14302.0,
"Mon, Feb 26, 2018",7:30 pm,Golden State Warriors,125,New York Knicks,111,Box Score,,19812.0,
"Mon, Feb 26, 2018",8:00 pm,Orlando Magic,105,Oklahoma City Thunder,112,Box Score,,18203.0,
"Mon, Feb 26, 2018",10:00 pm,Minnesota Timberwolves,118,Sacramento Kings,100,Box Score,,17583.0,
"Mon, Feb 26, 2018",7:30 pm,Detroit Pistons,94,Toronto Raptors,123,Box Score,,19800.0,
"Mon, Feb 26, 2018",9:00 pm,Houston Rockets,96,Utah Jazz,85,Box Score,,18306.0,
"Tue, Feb 27, 2018",7:00 pm,Chicago Bulls,103,Charlotte Hornets,118,Box Score,,14521.0,
"Tue, Feb 27, 2018",7:00 pm,Brooklyn Nets,123,Cleveland Cavaliers,129,Box Score,,20562.0,
"Tue, Feb 27, 2018",10:30 pm,Los Angeles Clippers,122,Denver Nuggets,120,Box Score,,15004.0,
"Tue, Feb 27, 2018",7:30 pm,Philadelphia 76ers,101,Miami Heat,102,Box Score,,19600.0,
"Tue, Feb 27, 2018",8:00 pm,Washington Wizards,107,Milwaukee Bucks,104,Box Score,,16093.0,
"Tue, Feb 27, 2018",10:00 pm,Sacramento Kings,99,Portland Trail Blazers,116,Box Score,,19468.0,
"Wed, Feb 28, 2018",7:30 pm,Indiana Pacers,102,Atlanta Hawks,107,Box Score,,13316.0,
"Wed, Feb 28, 2018",7:30 pm,Charlotte Hornets,106,Boston Celtics,134,Box Score,,18624.0,
"Wed, Feb 28, 2018",8:30 pm,Oklahoma City Thunder,111,Dallas Mavericks,110,Box Score,OT,20202.0,
"Wed, Feb 28, 2018",7:00 pm,Milwaukee Bucks,87,Detroit Pistons,110,Box Score,,16146.0,
"Wed, Feb 28, 2018",10:30 pm,Houston Rockets,105,Los Angeles Clippers,92,Box Score,,19068.0,
"Wed, Feb 28, 2018",8:00 pm,Phoenix Suns,110,Memphis Grizzlies,102,Box Score,,13484.0,
"Wed, Feb 28, 2018",7:00 pm,Toronto Raptors,117,Orlando Magic,104,Box Score,,17328.0,
"Wed, Feb 28, 2018",8:30 pm,New Orleans Pelicans,121,San Antonio Spurs,116,Box Score,,18418.0,
"Wed, Feb 28, 2018",8:00 pm,Golden State Warriors,109,Washington Wizards,101,Box Score,,20356.0,
